13,5,5zBQyt+DDJPFSZPGY/6+yPMPtns=,65c9TYC+yB318cfngV0lRbxz4Hw=
12,3,5zBQyt+DDJPFSZPGY/6+yPMPtns=,89FyIrhxhvvxk7b/MhtndQ53oEc=
12,4,5zBQyt+DDJPFSZPGY/6+yPMPtns=,65c9TYC+yB318cfngV0lRbxz4Hw=
11,5,5zBQyt+DDJPFSZPGY/6+yPMPtns=,K4izfGrVQFV5sJIRIk9m6lSQYWg=
13,3,5zBQyt+DDJPFSZPGY/6+yPMPtns=,89FyIrhxhvvxk7b/MhtndQ53oEc=
11,4,5zBQyt+DDJPFSZPGY/6+yPMPtns=,K4izfGrVQFV5sJIRIk9m6lSQYWg=
12,5,5zBQyt+DDJPFSZPGY/6+yPMPtns=,65c9TYC+yB318cfngV0lRbxz4Hw=
10,3,L17el+k6LmOjmVZDIxsYojTDHjI=,NltUoiQUGhIFv9f+PCN8nBspP/0=
10,4,5zBQyt+DDJPFSZPGY/6+yPMPtns=,K4izfGrVQFV5sJIRIk9m6lSQYWg=
10,5,5zBQyt+DDJPFSZPGY/6+yPMPtns=,K4izfGrVQFV5sJIRIk9m6lSQYWg=
13,4,5zBQyt+DDJPFSZPGY/6+yPMPtns=,65c9TYC+yB318cfngV0lRbxz4Hw=
11,3,L17el+k6LmOjmVZDIxsYojTDHjI=,NltUoiQUGhIFv9f+PCN8nBspP/0=
12,2,5zBQyt+DDJPFSZPGY/6+yPMPtns=,89FyIrhxhvvxk7b/MhtndQ53oEc=
13,2,5zBQyt+DDJPFSZPGY/6+yPMPtns=,89FyIrhxhvvxk7b/MhtndQ53oEc=
11,2,L17el+k6LmOjmVZDIxsYojTDHjI=,NltUoiQUGhIFv9f+PCN8nBspP/0=
10,2,L17el+k6LmOjmVZDIxsYojTDHjI=,NltUoiQUGhIFv9f+PCN8nBspP/0=
7,5,nrHUcgFGJNj9HUdyc//Oc774lSk=,mukQ4hA/z2CVP4M05TE9knWXixk=
6,4,nrHUcgFGJNj9HUdyc//Oc774lSk=,mukQ4hA/z2CVP4M05TE9knWXixk=
8,4,VFpuzBCJnx8CylyLEfwpWcQCFsQ=,K4izfGrVQFV5sJIRIk9m6lSQYWg=
8,5,VFpuzBCJnx8CylyLEfwpWcQCFsQ=,K4izfGrVQFV5sJIRIk9m6lSQYWg=
7,2,nrHUcgFGJNj9HUdyc//Oc774lSk=,DBAaUHxIIsrBDrGT3zOUeCud1x4=
9,5,VFpuzBCJnx8CylyLEfwpWcQCFsQ=,K4izfGrVQFV5sJIRIk9m6lSQYWg=
6,5,nrHUcgFGJNj9HUdyc//Oc774lSk=,mukQ4hA/z2CVP4M05TE9knWXixk=
8,3,nrHUcgFGJNj9HUdyc//Oc774lSk=,NltUoiQUGhIFv9f+PCN8nBspP/0=
13,14,ZMoWsi/+0L7AF/qUWQ4L5CaibuY=,M+AwDroGwA2+/ITxUd+8vlRrV0k=
14,14,ZMoWsi/+0L7AF/qUWQ4L5CaibuY=,M+AwDroGwA2+/ITxUd+8vlRrV0k=
13,13,5zBQyt+DDJPFSZPGY/6+yPMPtns=,M+AwDroGwA2+/ITxUd+8vlRrV0k=
14,13,ZMoWsi/+0L7AF/qUWQ4L5CaibuY=,M+AwDroGwA2+/ITxUd+8vlRrV0k=
9,3,nrHUcgFGJNj9HUdyc//Oc774lSk=,NltUoiQUGhIFv9f+PCN8nBspP/0=
7,3,nrHUcgFGJNj9HUdyc//Oc774lSk=,DBAaUHxIIsrBDrGT3zOUeCud1x4=
7,4,nrHUcgFGJNj9HUdyc//Oc774lSk=,mukQ4hA/z2CVP4M05TE9knWXixk=
9,2,nrHUcgFGJNj9HUdyc//Oc774lSk=,NltUoiQUGhIFv9f+PCN8nBspP/0=
8,2,nrHUcgFGJNj9HUdyc//Oc774lSk=,NltUoiQUGhIFv9f+PCN8nBspP/0=
9,4,VFpuzBCJnx8CylyLEfwpWcQCFsQ=,K4izfGrVQFV5sJIRIk9m6lSQYWg=
6,3,nrHUcgFGJNj9HUdyc//Oc774lSk=,DBAaUHxIIsrBDrGT3zOUeCud1x4=
6,2,nrHUcgFGJNj9HUdyc//Oc774lSk=,DBAaUHxIIsrBDrGT3zOUeCud1x4=
8,9,iD2A7RPIiC8dRjUW8Jy/saVZ98w=,JJEVJcgoY/i2r5qezK4t8YHuIgE=
7,9,L17el+k6LmOjmVZDIxsYojTDHjI=,PNGzWcLecxe2U+7L9906/Wu+GqI=
8,7,iD2A7RPIiC8dRjUW8Jy/saVZ98w=,K4izfGrVQFV5sJIRIk9m6lSQYWg=
9,9,iD2A7RPIiC8dRjUW8Jy/saVZ98w=,JJEVJcgoY/i2r5qezK4t8YHuIgE=
9,8,iD2A7RPIiC8dRjUW8Jy/saVZ98w=,JJEVJcgoY/i2r5qezK4t8YHuIgE=
7,8,L17el+k6LmOjmVZDIxsYojTDHjI=,PNGzWcLecxe2U+7L9906/Wu+GqI=
6,9,L17el+k6LmOjmVZDIxsYojTDHjI=,PNGzWcLecxe2U+7L9906/Wu+GqI=
7,6,L17el+k6LmOjmVZDIxsYojTDHjI=,mukQ4hA/z2CVP4M05TE9knWXixk=
8,8,iD2A7RPIiC8dRjUW8Jy/saVZ98w=,JJEVJcgoY/i2r5qezK4t8YHuIgE=
9,7,iD2A7RPIiC8dRjUW8Jy/saVZ98w=,K4izfGrVQFV5sJIRIk9m6lSQYWg=
7,7,bup0JA7R39hC0knwVp92t2M2K40=,mukQ4hA/z2CVP4M05TE9knWXixk=
6,6,L17el+k6LmOjmVZDIxsYojTDHjI=,mukQ4hA/z2CVP4M05TE9knWXixk=
9,6,iD2A7RPIiC8dRjUW8Jy/saVZ98w=,K4izfGrVQFV5sJIRIk9m6lSQYWg=
6,7,L17el+k6LmOjmVZDIxsYojTDHjI=,mukQ4hA/z2CVP4M05TE9knWXixk=
8,6,iD2A7RPIiC8dRjUW8Jy/saVZ98w=,K4izfGrVQFV5sJIRIk9m6lSQYWg=
6,8,L17el+k6LmOjmVZDIxsYojTDHjI=,PNGzWcLecxe2U+7L9906/Wu+GqI=
12,13,5zBQyt+DDJPFSZPGY/6+yPMPtns=,M+AwDroGwA2+/ITxUd+8vlRrV0k=
14,11,YF7a46pOMeydeX1sZWHGYmdBx34=,1wz9kXDSOQ4C0yZsDZivBvzhxCY=
13,12,iD2A7RPIiC8dRjUW8Jy/saVZ98w=,M+AwDroGwA2+/ITxUd+8vlRrV0k=
14,12,ZMoWsi/+0L7AF/qUWQ4L5CaibuY=,M+AwDroGwA2+/ITxUd+8vlRrV0k=
12,12,iD2A7RPIiC8dRjUW8Jy/saVZ98w=,M+AwDroGwA2+/ITxUd+8vlRrV0k=
11,13,5zBQyt+DDJPFSZPGY/6+yPMPtns=,a72nJt8uLeE2TdkAe7xE8vY8ReU=
11,12,5zBQyt+DDJPFSZPGY/6+yPMPtns=,a72nJt8uLeE2TdkAe7xE8vY8ReU=
10,13,5zBQyt+DDJPFSZPGY/6+yPMPtns=,a72nJt8uLeE2TdkAe7xE8vY8ReU=
10,12,5zBQyt+DDJPFSZPGY/6+yPMPtns=,a72nJt8uLeE2TdkAe7xE8vY8ReU=
13,6,5zBQyt+DDJPFSZPGY/6+yPMPtns=,65c9TYC+yB318cfngV0lRbxz4Hw=
12,6,5zBQyt+DDJPFSZPGY/6+yPMPtns=,65c9TYC+yB318cfngV0lRbxz4Hw=
9,12,iD2A7RPIiC8dRjUW8Jy/saVZ98w=,a72nJt8uLeE2TdkAe7xE8vY8ReU=
9,13,iD2A7RPIiC8dRjUW8Jy/saVZ98w=,a72nJt8uLeE2TdkAe7xE8vY8ReU=
12,10,iD2A7RPIiC8dRjUW8Jy/saVZ98w=,1wz9kXDSOQ4C0yZsDZivBvzhxCY=
2,14,0f6/YmsHo3qijwRoXHZLIdtcdEk=,2qC960pdVTrp3guh74Ppy+JnmQg=
12,9,iD2A7RPIiC8dRjUW8Jy/saVZ98w=,1wz9kXDSOQ4C0yZsDZivBvzhxCY=
4,14,VFpuzBCJnx8CylyLEfwpWcQCFsQ=,wcDt2N0cCa7bR0uXzUwhEk/ZJ6Q=
3,14,AQYT3njBZ2PrFOQICgy0kg6v4qw=,2qC960pdVTrp3guh74Ppy+JnmQg=
2,13,0f6/YmsHo3qijwRoXHZLIdtcdEk=,2qC960pdVTrp3guh74Ppy+JnmQg=
10,7,5zBQyt+DDJPFSZPGY/6+yPMPtns=,K4izfGrVQFV5sJIRIk9m6lSQYWg=
13,9,iD2A7RPIiC8dRjUW8Jy/saVZ98w=,1wz9kXDSOQ4C0yZsDZivBvzhxCY=
11,6,5zBQyt+DDJPFSZPGY/6+yPMPtns=,K4izfGrVQFV5sJIRIk9m6lSQYWg=
10,9,5zBQyt+DDJPFSZPGY/6+yPMPtns=,JJEVJcgoY/i2r5qezK4t8YHuIgE=
10,10,5zBQyt+DDJPFSZPGY/6+yPMPtns=,JJEVJcgoY/i2r5qezK4t8YHuIgE=
10,6,5zBQyt+DDJPFSZPGY/6+yPMPtns=,K4izfGrVQFV5sJIRIk9m6lSQYWg=
10,8,5zBQyt+DDJPFSZPGY/6+yPMPtns=,JJEVJcgoY/i2r5qezK4t8YHuIgE=
13,11,iD2A7RPIiC8dRjUW8Jy/saVZ98w=,1wz9kXDSOQ4C0yZsDZivBvzhxCY=
12,11,iD2A7RPIiC8dRjUW8Jy/saVZ98w=,1wz9kXDSOQ4C0yZsDZivBvzhxCY=
13,10,iD2A7RPIiC8dRjUW8Jy/saVZ98w=,1wz9kXDSOQ4C0yZsDZivBvzhxCY=
11,8,5zBQyt+DDJPFSZPGY/6+yPMPtns=,JJEVJcgoY/i2r5qezK4t8YHuIgE=
7,14,ZMoWsi/+0L7AF/qUWQ4L5CaibuY=,wcDt2N0cCa7bR0uXzUwhEk/ZJ6Q=
11,7,5zBQyt+DDJPFSZPGY/6+yPMPtns=,K4izfGrVQFV5sJIRIk9m6lSQYWg=
5,11,L17el+k6LmOjmVZDIxsYojTDHjI=,PNGzWcLecxe2U+7L9906/Wu+GqI=
6,14,ZMoWsi/+0L7AF/qUWQ4L5CaibuY=,wcDt2N0cCa7bR0uXzUwhEk/ZJ6Q=
5,14,5zBQyt+DDJPFSZPGY/6+yPMPtns=,wcDt2N0cCa7bR0uXzUwhEk/ZJ6Q=
10,11,iD2A7RPIiC8dRjUW8Jy/saVZ98w=,JJEVJcgoY/i2r5qezK4t8YHuIgE=
8,13,iD2A7RPIiC8dRjUW8Jy/saVZ98w=,a72nJt8uLeE2TdkAe7xE8vY8ReU=
8,14,ZMoWsi/+0L7AF/qUWQ4L5CaibuY=,a72nJt8uLeE2TdkAe7xE8vY8ReU=
8,12,iD2A7RPIiC8dRjUW8Jy/saVZ98w=,a72nJt8uLeE2TdkAe7xE8vY8ReU=
13,7,5zBQyt+DDJPFSZPGY/6+yPMPtns=,65c9TYC+yB318cfngV0lRbxz4Hw=
11,9,iD2A7RPIiC8dRjUW8Jy/saVZ98w=,JJEVJcgoY/i2r5qezK4t8YHuIgE=
11,11,iD2A7RPIiC8dRjUW8Jy/saVZ98w=,JJEVJcgoY/i2r5qezK4t8YHuIgE=
6,11,L17el+k6LmOjmVZDIxsYojTDHjI=,PNGzWcLecxe2U+7L9906/Wu+GqI=
7,13,iD2A7RPIiC8dRjUW8Jy/saVZ98w=,wcDt2N0cCa7bR0uXzUwhEk/ZJ6Q=
8,11,iD2A7RPIiC8dRjUW8Jy/saVZ98w=,JJEVJcgoY/i2r5qezK4t8YHuIgE=
9,11,iD2A7RPIiC8dRjUW8Jy/saVZ98w=,JJEVJcgoY/i2r5qezK4t8YHuIgE=
6,12,iD2A7RPIiC8dRjUW8Jy/saVZ98w=,wcDt2N0cCa7bR0uXzUwhEk/ZJ6Q=
7,12,iD2A7RPIiC8dRjUW8Jy/saVZ98w=,wcDt2N0cCa7bR0uXzUwhEk/ZJ6Q=
11,10,5zBQyt+DDJPFSZPGY/6+yPMPtns=,JJEVJcgoY/i2r5qezK4t8YHuIgE=
6,13,iD2A7RPIiC8dRjUW8Jy/saVZ98w=,wcDt2N0cCa7bR0uXzUwhEk/ZJ6Q=
6,10,L17el+k6LmOjmVZDIxsYojTDHjI=,PNGzWcLecxe2U+7L9906/Wu+GqI=
7,10,L17el+k6LmOjmVZDIxsYojTDHjI=,PNGzWcLecxe2U+7L9906/Wu+GqI=
12,7,5zBQyt+DDJPFSZPGY/6+yPMPtns=,65c9TYC+yB318cfngV0lRbxz4Hw=
12,8,iD2A7RPIiC8dRjUW8Jy/saVZ98w=,1wz9kXDSOQ4C0yZsDZivBvzhxCY=
7,11,L17el+k6LmOjmVZDIxsYojTDHjI=,PNGzWcLecxe2U+7L9906/Wu+GqI=
8,10,iD2A7RPIiC8dRjUW8Jy/saVZ98w=,JJEVJcgoY/i2r5qezK4t8YHuIgE=
13,8,iD2A7RPIiC8dRjUW8Jy/saVZ98w=,1wz9kXDSOQ4C0yZsDZivBvzhxCY=
9,10,iD2A7RPIiC8dRjUW8Jy/saVZ98w=,JJEVJcgoY/i2r5qezK4t8YHuIgE=
4,11,L17el+k6LmOjmVZDIxsYojTDHjI=,PNGzWcLecxe2U+7L9906/Wu+GqI=
5,10,L17el+k6LmOjmVZDIxsYojTDHjI=,PNGzWcLecxe2U+7L9906/Wu+GqI=
5,12,VFpuzBCJnx8CylyLEfwpWcQCFsQ=,wcDt2N0cCa7bR0uXzUwhEk/ZJ6Q=
3,13,AQYT3njBZ2PrFOQICgy0kg6v4qw=,2qC960pdVTrp3guh74Ppy+JnmQg=
2,12,AQYT3njBZ2PrFOQICgy0kg6v4qw=,2qC960pdVTrp3guh74Ppy+JnmQg=
4,12,VFpuzBCJnx8CylyLEfwpWcQCFsQ=,wcDt2N0cCa7bR0uXzUwhEk/ZJ6Q=
5,13,VFpuzBCJnx8CylyLEfwpWcQCFsQ=,wcDt2N0cCa7bR0uXzUwhEk/ZJ6Q=
4,13,VFpuzBCJnx8CylyLEfwpWcQCFsQ=,wcDt2N0cCa7bR0uXzUwhEk/ZJ6Q=
4,10,L17el+k6LmOjmVZDIxsYojTDHjI=,PNGzWcLecxe2U+7L9906/Wu+GqI=
3,12,AQYT3njBZ2PrFOQICgy0kg6v4qw=,2qC960pdVTrp3guh74Ppy+JnmQg=
2,10,AQYT3njBZ2PrFOQICgy0kg6v4qw=,Ai9CD72BaLhuxVOD8KlrXPA87/g=
3,10,AQYT3njBZ2PrFOQICgy0kg6v4qw=,Ai9CD72BaLhuxVOD8KlrXPA87/g=
3,11,AQYT3njBZ2PrFOQICgy0kg6v4qw=,Ai9CD72BaLhuxVOD8KlrXPA87/g=
2,11,AQYT3njBZ2PrFOQICgy0kg6v4qw=,Ai9CD72BaLhuxVOD8KlrXPA87/g=
3,9,AQYT3njBZ2PrFOQICgy0kg6v4qw=,Ai9CD72BaLhuxVOD8KlrXPA87/g=
2,6,AQYT3njBZ2PrFOQICgy0kg6v4qw=,+Z+XIAjFYCGAH85LzbShabXo7Ck=
4,9,sd/7LjQUGA6zEVFBLwgogMKVwvU=,PNGzWcLecxe2U+7L9906/Wu+GqI=
1,9,AQYT3njBZ2PrFOQICgy0kg6v4qw=,Ai9CD72BaLhuxVOD8KlrXPA87/g=
5,8,sd/7LjQUGA6zEVFBLwgogMKVwvU=,PNGzWcLecxe2U+7L9906/Wu+GqI=
5,6,sd/7LjQUGA6zEVFBLwgogMKVwvU=,mukQ4hA/z2CVP4M05TE9knWXixk=
2,9,AQYT3njBZ2PrFOQICgy0kg6v4qw=,Ai9CD72BaLhuxVOD8KlrXPA87/g=
4,6,sd/7LjQUGA6zEVFBLwgogMKVwvU=,mukQ4hA/z2CVP4M05TE9knWXixk=
2,8,AQYT3njBZ2PrFOQICgy0kg6v4qw=,Ai9CD72BaLhuxVOD8KlrXPA87/g=
4,7,sd/7LjQUGA6zEVFBLwgogMKVwvU=,mukQ4hA/z2CVP4M05TE9knWXixk=
5,7,sd/7LjQUGA6zEVFBLwgogMKVwvU=,mukQ4hA/z2CVP4M05TE9knWXixk=
3,7,AQYT3njBZ2PrFOQICgy0kg6v4qw=,+Z+XIAjFYCGAH85LzbShabXo7Ck=
0,9,AQYT3njBZ2PrFOQICgy0kg6v4qw=,Ai9CD72BaLhuxVOD8KlrXPA87/g=
3,8,AQYT3njBZ2PrFOQICgy0kg6v4qw=,Ai9CD72BaLhuxVOD8KlrXPA87/g=
2,7,AQYT3njBZ2PrFOQICgy0kg6v4qw=,+Z+XIAjFYCGAH85LzbShabXo7Ck=
4,8,sd/7LjQUGA6zEVFBLwgogMKVwvU=,PNGzWcLecxe2U+7L9906/Wu+GqI=
3,6,AQYT3njBZ2PrFOQICgy0kg6v4qw=,+Z+XIAjFYCGAH85LzbShabXo7Ck=
0,8,AQYT3njBZ2PrFOQICgy0kg6v4qw=,Ai9CD72BaLhuxVOD8KlrXPA87/g=
4,5,nrHUcgFGJNj9HUdyc//Oc774lSk=,mukQ4hA/z2CVP4M05TE9knWXixk=
1,8,AQYT3njBZ2PrFOQICgy0kg6v4qw=,Ai9CD72BaLhuxVOD8KlrXPA87/g=
1,6,AQYT3njBZ2PrFOQICgy0kg6v4qw=,+Z+XIAjFYCGAH85LzbShabXo7Ck=
5,9,sd/7LjQUGA6zEVFBLwgogMKVwvU=,PNGzWcLecxe2U+7L9906/Wu+GqI=
2,3,AQYT3njBZ2PrFOQICgy0kg6v4qw=,2xaH4SB9bArs5kFCsmzoa/tBpFc=
0,7,AQYT3njBZ2PrFOQICgy0kg6v4qw=,+Z+XIAjFYCGAH85LzbShabXo7Ck=
4,4,nrHUcgFGJNj9HUdyc//Oc774lSk=,mukQ4hA/z2CVP4M05TE9knWXixk=
3,5,AQYT3njBZ2PrFOQICgy0kg6v4qw=,+Z+XIAjFYCGAH85LzbShabXo7Ck=
0,6,AQYT3njBZ2PrFOQICgy0kg6v4qw=,+Z+XIAjFYCGAH85LzbShabXo7Ck=
2,2,AQYT3njBZ2PrFOQICgy0kg6v4qw=,2xaH4SB9bArs5kFCsmzoa/tBpFc=
5,5,nrHUcgFGJNj9HUdyc//Oc774lSk=,mukQ4hA/z2CVP4M05TE9knWXixk=
2,4,AQYT3njBZ2PrFOQICgy0kg6v4qw=,+Z+XIAjFYCGAH85LzbShabXo7Ck=
2,5,AQYT3njBZ2PrFOQICgy0kg6v4qw=,+Z+XIAjFYCGAH85LzbShabXo7Ck=
3,2,AQYT3njBZ2PrFOQICgy0kg6v4qw=,2xaH4SB9bArs5kFCsmzoa/tBpFc=
3,3,AQYT3njBZ2PrFOQICgy0kg6v4qw=,2xaH4SB9bArs5kFCsmzoa/tBpFc=
3,4,AQYT3njBZ2PrFOQICgy0kg6v4qw=,+Z+XIAjFYCGAH85LzbShabXo7Ck=
5,4,nrHUcgFGJNj9HUdyc//Oc774lSk=,mukQ4hA/z2CVP4M05TE9knWXixk=
1,7,AQYT3njBZ2PrFOQICgy0kg6v4qw=,+Z+XIAjFYCGAH85LzbShabXo7Ck=
4,2,nrHUcgFGJNj9HUdyc//Oc774lSk=,DBAaUHxIIsrBDrGT3zOUeCud1x4=
5,2,nrHUcgFGJNj9HUdyc//Oc774lSk=,DBAaUHxIIsrBDrGT3zOUeCud1x4=
5,3,nrHUcgFGJNj9HUdyc//Oc774lSk=,DBAaUHxIIsrBDrGT3zOUeCud1x4=
4,3,nrHUcgFGJNj9HUdyc//Oc774lSk=,DBAaUHxIIsrBDrGT3zOUeCud1x4=
0,4,AQYT3njBZ2PrFOQICgy0kg6v4qw=,+Z+XIAjFYCGAH85LzbShabXo7Ck=
0,3,AQYT3njBZ2PrFOQICgy0kg6v4qw=,2xaH4SB9bArs5kFCsmzoa/tBpFc=
1,2,AQYT3njBZ2PrFOQICgy0kg6v4qw=,2xaH4SB9bArs5kFCsmzoa/tBpFc=
1,4,AQYT3njBZ2PrFOQICgy0kg6v4qw=,+Z+XIAjFYCGAH85LzbShabXo7Ck=
0,5,AQYT3njBZ2PrFOQICgy0kg6v4qw=,+Z+XIAjFYCGAH85LzbShabXo7Ck=
1,5,AQYT3njBZ2PrFOQICgy0kg6v4qw=,+Z+XIAjFYCGAH85LzbShabXo7Ck=
0,2,AQYT3njBZ2PrFOQICgy0kg6v4qw=,2xaH4SB9bArs5kFCsmzoa/tBpFc=
1,3,AQYT3njBZ2PrFOQICgy0kg6v4qw=,2xaH4SB9bArs5kFCsmzoa/tBpFc=
3,1,AQYT3njBZ2PrFOQICgy0kg6v4qw=,2xaH4SB9bArs5kFCsmzoa/tBpFc=
4,0,nrHUcgFGJNj9HUdyc//Oc774lSk=,DBAaUHxIIsrBDrGT3zOUeCud1x4=
2,1,AQYT3njBZ2PrFOQICgy0kg6v4qw=,2xaH4SB9bArs5kFCsmzoa/tBpFc=
4,1,nrHUcgFGJNj9HUdyc//Oc774lSk=,DBAaUHxIIsrBDrGT3zOUeCud1x4=
9,1,nrHUcgFGJNj9HUdyc//Oc774lSk=,NltUoiQUGhIFv9f+PCN8nBspP/0=
2,0,AQYT3njBZ2PrFOQICgy0kg6v4qw=,2xaH4SB9bArs5kFCsmzoa/tBpFc=
8,0,nrHUcgFGJNj9HUdyc//Oc774lSk=,NltUoiQUGhIFv9f+PCN8nBspP/0=
9,0,nrHUcgFGJNj9HUdyc//Oc774lSk=,NltUoiQUGhIFv9f+PCN8nBspP/0=
3,0,AQYT3njBZ2PrFOQICgy0kg6v4qw=,2xaH4SB9bArs5kFCsmzoa/tBpFc=
7,1,nrHUcgFGJNj9HUdyc//Oc774lSk=,DBAaUHxIIsrBDrGT3zOUeCud1x4=
5,1,nrHUcgFGJNj9HUdyc//Oc774lSk=,DBAaUHxIIsrBDrGT3zOUeCud1x4=
5,0,nrHUcgFGJNj9HUdyc//Oc774lSk=,DBAaUHxIIsrBDrGT3zOUeCud1x4=
6,1,nrHUcgFGJNj9HUdyc//Oc774lSk=,DBAaUHxIIsrBDrGT3zOUeCud1x4=
15,12,ZMoWsi/+0L7AF/qUWQ4L5CaibuY=,M+AwDroGwA2+/ITxUd+8vlRrV0k=
15,11,ZMoWsi/+0L7AF/qUWQ4L5CaibuY=,1wz9kXDSOQ4C0yZsDZivBvzhxCY=
15,14,ZMoWsi/+0L7AF/qUWQ4L5CaibuY=,M+AwDroGwA2+/ITxUd+8vlRrV0k=
15,13,ZMoWsi/+0L7AF/qUWQ4L5CaibuY=,M+AwDroGwA2+/ITxUd+8vlRrV0k=
15,10,ZMoWsi/+0L7AF/qUWQ4L5CaibuY=,1wz9kXDSOQ4C0yZsDZivBvzhxCY=
14,10,YF7a46pOMeydeX1sZWHGYmdBx34=,1wz9kXDSOQ4C0yZsDZivBvzhxCY=
8,1,nrHUcgFGJNj9HUdyc//Oc774lSk=,NltUoiQUGhIFv9f+PCN8nBspP/0=
7,0,nrHUcgFGJNj9HUdyc//Oc774lSk=,DBAaUHxIIsrBDrGT3zOUeCud1x4=
5,15,ZMoWsi/+0L7AF/qUWQ4L5CaibuY=,wcDt2N0cCa7bR0uXzUwhEk/ZJ6Q=
6,15,ZMoWsi/+0L7AF/qUWQ4L5CaibuY=,wcDt2N0cCa7bR0uXzUwhEk/ZJ6Q=
7,15,ZMoWsi/+0L7AF/qUWQ4L5CaibuY=,wcDt2N0cCa7bR0uXzUwhEk/ZJ6Q=
6,0,L17el+k6LmOjmVZDIxsYojTDHjI=,DBAaUHxIIsrBDrGT3zOUeCud1x4=
8,15,ZMoWsi/+0L7AF/qUWQ4L5CaibuY=,a72nJt8uLeE2TdkAe7xE8vY8ReU=
9,14,ZMoWsi/+0L7AF/qUWQ4L5CaibuY=,a72nJt8uLeE2TdkAe7xE8vY8ReU=
9,15,ZMoWsi/+0L7AF/qUWQ4L5CaibuY=,a72nJt8uLeE2TdkAe7xE8vY8ReU=
15,6,ZMoWsi/+0L7AF/qUWQ4L5CaibuY=,65c9TYC+yB318cfngV0lRbxz4Hw=
14,15,ZMoWsi/+0L7AF/qUWQ4L5CaibuY=,M+AwDroGwA2+/ITxUd+8vlRrV0k=
13,15,ZMoWsi/+0L7AF/qUWQ4L5CaibuY=,M+AwDroGwA2+/ITxUd+8vlRrV0k=
14,6,ZMoWsi/+0L7AF/qUWQ4L5CaibuY=,65c9TYC+yB318cfngV0lRbxz4Hw=
15,15,ZMoWsi/+0L7AF/qUWQ4L5CaibuY=,M+AwDroGwA2+/ITxUd+8vlRrV0k=
10,15,ZMoWsi/+0L7AF/qUWQ4L5CaibuY=,a72nJt8uLeE2TdkAe7xE8vY8ReU=
11,14,ZMoWsi/+0L7AF/qUWQ4L5CaibuY=,a72nJt8uLeE2TdkAe7xE8vY8ReU=
11,15,ZMoWsi/+0L7AF/qUWQ4L5CaibuY=,a72nJt8uLeE2TdkAe7xE8vY8ReU=
12,14,ZMoWsi/+0L7AF/qUWQ4L5CaibuY=,M+AwDroGwA2+/ITxUd+8vlRrV0k=
12,15,ZMoWsi/+0L7AF/qUWQ4L5CaibuY=,M+AwDroGwA2+/ITxUd+8vlRrV0k=
4,15,ZMoWsi/+0L7AF/qUWQ4L5CaibuY=,wcDt2N0cCa7bR0uXzUwhEk/ZJ6Q=
3,15,AQYT3njBZ2PrFOQICgy0kg6v4qw=,2qC960pdVTrp3guh74Ppy+JnmQg=
2,15,AQYT3njBZ2PrFOQICgy0kg6v4qw=,2qC960pdVTrp3guh74Ppy+JnmQg=
14,7,ZMoWsi/+0L7AF/qUWQ4L5CaibuY=,65c9TYC+yB318cfngV0lRbxz4Hw=
14,9,YF7a46pOMeydeX1sZWHGYmdBx34=,1wz9kXDSOQ4C0yZsDZivBvzhxCY=
10,14,ZMoWsi/+0L7AF/qUWQ4L5CaibuY=,a72nJt8uLeE2TdkAe7xE8vY8ReU=
15,8,YF7a46pOMeydeX1sZWHGYmdBx34=,1wz9kXDSOQ4C0yZsDZivBvzhxCY=
15,9,YF7a46pOMeydeX1sZWHGYmdBx34=,1wz9kXDSOQ4C0yZsDZivBvzhxCY=
15,7,ZMoWsi/+0L7AF/qUWQ4L5CaibuY=,65c9TYC+yB318cfngV0lRbxz4Hw=
14,8,YF7a46pOMeydeX1sZWHGYmdBx34=,1wz9kXDSOQ4C0yZsDZivBvzhxCY=
13,0,ZMoWsi/+0L7AF/qUWQ4L5CaibuY=,89FyIrhxhvvxk7b/MhtndQ53oEc=
12,0,ZMoWsi/+0L7AF/qUWQ4L5CaibuY=,89FyIrhxhvvxk7b/MhtndQ53oEc=
13,1,ZMoWsi/+0L7AF/qUWQ4L5CaibuY=,89FyIrhxhvvxk7b/MhtndQ53oEc=
0,15,AQYT3njBZ2PrFOQICgy0kg6v4qw=,2qC960pdVTrp3guh74Ppy+JnmQg=
1,15,AQYT3njBZ2PrFOQICgy0kg6v4qw=,2qC960pdVTrp3guh74Ppy+JnmQg=
12,1,ZMoWsi/+0L7AF/qUWQ4L5CaibuY=,89FyIrhxhvvxk7b/MhtndQ53oEc=
0,13,AQYT3njBZ2PrFOQICgy0kg6v4qw=,2qC960pdVTrp3guh74Ppy+JnmQg=
0,14,AQYT3njBZ2PrFOQICgy0kg6v4qw=,2qC960pdVTrp3guh74Ppy+JnmQg=
1,13,AQYT3njBZ2PrFOQICgy0kg6v4qw=,2qC960pdVTrp3guh74Ppy+JnmQg=
0,12,AQYT3njBZ2PrFOQICgy0kg6v4qw=,2qC960pdVTrp3guh74Ppy+JnmQg=
14,0,ZMoWsi/+0L7AF/qUWQ4L5CaibuY=,89FyIrhxhvvxk7b/MhtndQ53oEc=
0,10,AQYT3njBZ2PrFOQICgy0kg6v4qw=,Ai9CD72BaLhuxVOD8KlrXPA87/g=
11,0,L17el+k6LmOjmVZDIxsYojTDHjI=,NltUoiQUGhIFv9f+PCN8nBspP/0=
15,1,ZMoWsi/+0L7AF/qUWQ4L5CaibuY=,89FyIrhxhvvxk7b/MhtndQ53oEc=
0,11,AQYT3njBZ2PrFOQICgy0kg6v4qw=,Ai9CD72BaLhuxVOD8KlrXPA87/g=
1,14,AQYT3njBZ2PrFOQICgy0kg6v4qw=,2qC960pdVTrp3guh74Ppy+JnmQg=
1,12,AQYT3njBZ2PrFOQICgy0kg6v4qw=,2qC960pdVTrp3guh74Ppy+JnmQg=
1,11,AQYT3njBZ2PrFOQICgy0kg6v4qw=,Ai9CD72BaLhuxVOD8KlrXPA87/g=
15,3,ZMoWsi/+0L7AF/qUWQ4L5CaibuY=,89FyIrhxhvvxk7b/MhtndQ53oEc=
15,5,ZMoWsi/+0L7AF/qUWQ4L5CaibuY=,65c9TYC+yB318cfngV0lRbxz4Hw=
15,4,ZMoWsi/+0L7AF/qUWQ4L5CaibuY=,65c9TYC+yB318cfngV0lRbxz4Hw=
15,2,ZMoWsi/+0L7AF/qUWQ4L5CaibuY=,89FyIrhxhvvxk7b/MhtndQ53oEc=
1,10,AQYT3njBZ2PrFOQICgy0kg6v4qw=,Ai9CD72BaLhuxVOD8KlrXPA87/g=
14,5,ZMoWsi/+0L7AF/qUWQ4L5CaibuY=,65c9TYC+yB318cfngV0lRbxz4Hw=
14,2,ZMoWsi/+0L7AF/qUWQ4L5CaibuY=,89FyIrhxhvvxk7b/MhtndQ53oEc=
10,1,L17el+k6LmOjmVZDIxsYojTDHjI=,NltUoiQUGhIFv9f+PCN8nBspP/0=
14,4,ZMoWsi/+0L7AF/qUWQ4L5CaibuY=,65c9TYC+yB318cfngV0lRbxz4Hw=
14,1,ZMoWsi/+0L7AF/qUWQ4L5CaibuY=,89FyIrhxhvvxk7b/MhtndQ53oEc=
15,0,ZMoWsi/+0L7AF/qUWQ4L5CaibuY=,89FyIrhxhvvxk7b/MhtndQ53oEc=
14,3,ZMoWsi/+0L7AF/qUWQ4L5CaibuY=,89FyIrhxhvvxk7b/MhtndQ53oEc=
11,1,L17el+k6LmOjmVZDIxsYojTDHjI=,NltUoiQUGhIFv9f+PCN8nBspP/0=
10,0,L17el+k6LmOjmVZDIxsYojTDHjI=,NltUoiQUGhIFv9f+PCN8nBspP/0=
0,0,AQYT3njBZ2PrFOQICgy0kg6v4qw=,2xaH4SB9bArs5kFCsmzoa/tBpFc=
0,1,AQYT3njBZ2PrFOQICgy0kg6v4qw=,2xaH4SB9bArs5kFCsmzoa/tBpFc=
1,0,AQYT3njBZ2PrFOQICgy0kg6v4qw=,2xaH4SB9bArs5kFCsmzoa/tBpFc=
1,1,AQYT3njBZ2PrFOQICgy0kg6v4qw=,2xaH4SB9bArs5kFCsmzoa/tBpFc=
8,18,mI7t05dn5NN+hKxWh9ibBNHNml4=,cW5vBwyoR4xhnFRIVmEjEql8xhY=
10,17,mI7t05dn5NN+hKxWh9ibBNHNml4=,cW5vBwyoR4xhnFRIVmEjEql8xhY=
9,19,mI7t05dn5NN+hKxWh9ibBNHNml4=,cW5vBwyoR4xhnFRIVmEjEql8xhY=
9,17,mI7t05dn5NN+hKxWh9ibBNHNml4=,cW5vBwyoR4xhnFRIVmEjEql8xhY=
8,17,mI7t05dn5NN+hKxWh9ibBNHNml4=,cW5vBwyoR4xhnFRIVmEjEql8xhY=
10,19,mI7t05dn5NN+hKxWh9ibBNHNml4=,cW5vBwyoR4xhnFRIVmEjEql8xhY=
10,18,mI7t05dn5NN+hKxWh9ibBNHNml4=,cW5vBwyoR4xhnFRIVmEjEql8xhY=
9,18,mI7t05dn5NN+hKxWh9ibBNHNml4=,cW5vBwyoR4xhnFRIVmEjEql8xhY=
8,19,mI7t05dn5NN+hKxWh9ibBNHNml4=,cW5vBwyoR4xhnFRIVmEjEql8xhY=
14,18,jNrH5lwxBRxME8SNFo1HBbf0BQM=,Wazf+WUvAImTIInZXub8MISprHg=
15,19,jNrH5lwxBRxME8SNFo1HBbf0BQM=,Wazf+WUvAImTIInZXub8MISprHg=
12,17,jNrH5lwxBRxME8SNFo1HBbf0BQM=,Wazf+WUvAImTIInZXub8MISprHg=
14,19,jNrH5lwxBRxME8SNFo1HBbf0BQM=,Wazf+WUvAImTIInZXub8MISprHg=
13,17,jNrH5lwxBRxME8SNFo1HBbf0BQM=,Wazf+WUvAImTIInZXub8MISprHg=
15,18,jNrH5lwxBRxME8SNFo1HBbf0BQM=,Wazf+WUvAImTIInZXub8MISprHg=
13,18,jNrH5lwxBRxME8SNFo1HBbf0BQM=,Wazf+WUvAImTIInZXub8MISprHg=
13,19,jNrH5lwxBRxME8SNFo1HBbf0BQM=,Wazf+WUvAImTIInZXub8MISprHg=
11,19,mI7t05dn5NN+hKxWh9ibBNHNml4=,cW5vBwyoR4xhnFRIVmEjEql8xhY=
12,18,jNrH5lwxBRxME8SNFo1HBbf0BQM=,Wazf+WUvAImTIInZXub8MISprHg=
12,19,jNrH5lwxBRxME8SNFo1HBbf0BQM=,Wazf+WUvAImTIInZXub8MISprHg=
15,17,jNrH5lwxBRxME8SNFo1HBbf0BQM=,Wazf+WUvAImTIInZXub8MISprHg=
11,17,mI7t05dn5NN+hKxWh9ibBNHNml4=,cW5vBwyoR4xhnFRIVmEjEql8xhY=
11,18,mI7t05dn5NN+hKxWh9ibBNHNml4=,cW5vBwyoR4xhnFRIVmEjEql8xhY=
2,18,AQYT3njBZ2PrFOQICgy0kg6v4qw=,iZ2v+Heo2VrgqY2K88D/kGPUKYQ=
3,18,AQYT3njBZ2PrFOQICgy0kg6v4qw=,iZ2v+Heo2VrgqY2K88D/kGPUKYQ=
1,17,AQYT3njBZ2PrFOQICgy0kg6v4qw=,iZ2v+Heo2VrgqY2K88D/kGPUKYQ=
2,17,AQYT3njBZ2PrFOQICgy0kg6v4qw=,iZ2v+Heo2VrgqY2K88D/kGPUKYQ=
14,17,jNrH5lwxBRxME8SNFo1HBbf0BQM=,Wazf+WUvAImTIInZXub8MISprHg=
3,17,AQYT3njBZ2PrFOQICgy0kg6v4qw=,iZ2v+Heo2VrgqY2K88D/kGPUKYQ=
1,19,AQYT3njBZ2PrFOQICgy0kg6v4qw=,iZ2v+Heo2VrgqY2K88D/kGPUKYQ=
2,19,AQYT3njBZ2PrFOQICgy0kg6v4qw=,iZ2v+Heo2VrgqY2K88D/kGPUKYQ=
1,18,AQYT3njBZ2PrFOQICgy0kg6v4qw=,iZ2v+Heo2VrgqY2K88D/kGPUKYQ=
3,19,AQYT3njBZ2PrFOQICgy0kg6v4qw=,iZ2v+Heo2VrgqY2K88D/kGPUKYQ=
0,18,AQYT3njBZ2PrFOQICgy0kg6v4qw=,iZ2v+Heo2VrgqY2K88D/kGPUKYQ=
0,17,AQYT3njBZ2PrFOQICgy0kg6v4qw=,iZ2v+Heo2VrgqY2K88D/kGPUKYQ=
0,19,AQYT3njBZ2PrFOQICgy0kg6v4qw=,iZ2v+Heo2VrgqY2K88D/kGPUKYQ=
14,16,jNrH5lwxBRxME8SNFo1HBbf0BQM=,Wazf+WUvAImTIInZXub8MISprHg=
13,16,jNrH5lwxBRxME8SNFo1HBbf0BQM=,Wazf+WUvAImTIInZXub8MISprHg=
15,16,jNrH5lwxBRxME8SNFo1HBbf0BQM=,Wazf+WUvAImTIInZXub8MISprHg=
2,16,AQYT3njBZ2PrFOQICgy0kg6v4qw=,iZ2v+Heo2VrgqY2K88D/kGPUKYQ=
3,16,AQYT3njBZ2PrFOQICgy0kg6v4qw=,iZ2v+Heo2VrgqY2K88D/kGPUKYQ=
0,16,AQYT3njBZ2PrFOQICgy0kg6v4qw=,iZ2v+Heo2VrgqY2K88D/kGPUKYQ=
1,16,AQYT3njBZ2PrFOQICgy0kg6v4qw=,iZ2v+Heo2VrgqY2K88D/kGPUKYQ=
8,16,mI7t05dn5NN+hKxWh9ibBNHNml4=,cW5vBwyoR4xhnFRIVmEjEql8xhY=
9,16,mI7t05dn5NN+hKxWh9ibBNHNml4=,cW5vBwyoR4xhnFRIVmEjEql8xhY=
11,16,mI7t05dn5NN+hKxWh9ibBNHNml4=,cW5vBwyoR4xhnFRIVmEjEql8xhY=
12,16,jNrH5lwxBRxME8SNFo1HBbf0BQM=,Wazf+WUvAImTIInZXub8MISprHg=
10,16,mI7t05dn5NN+hKxWh9ibBNHNml4=,cW5vBwyoR4xhnFRIVmEjEql8xhY=
22,6,pToHKWvNlPRAU5hx4eUYbWBMVw4=,rpqnXj3j4+lT3AzHSkr4janmX2U=
21,6,pToHKWvNlPRAU5hx4eUYbWBMVw4=,rpqnXj3j4+lT3AzHSkr4janmX2U=
22,5,pToHKWvNlPRAU5hx4eUYbWBMVw4=,rpqnXj3j4+lT3AzHSkr4janmX2U=
21,5,pToHKWvNlPRAU5hx4eUYbWBMVw4=,rpqnXj3j4+lT3AzHSkr4janmX2U=
22,1,pToHKWvNlPRAU5hx4eUYbWBMVw4=,1wVLcyZA1nXqE/yIqoR1jrLz2qc=
22,2,pToHKWvNlPRAU5hx4eUYbWBMVw4=,1wVLcyZA1nXqE/yIqoR1jrLz2qc=
21,7,pToHKWvNlPRAU5hx4eUYbWBMVw4=,rpqnXj3j4+lT3AzHSkr4janmX2U=
22,7,pToHKWvNlPRAU5hx4eUYbWBMVw4=,rpqnXj3j4+lT3AzHSkr4janmX2U=
21,8,pToHKWvNlPRAU5hx4eUYbWBMVw4=,gCzVU6ZLwAtudLNk6w7P7aXb9M0=
21,9,pToHKWvNlPRAU5hx4eUYbWBMVw4=,gCzVU6ZLwAtudLNk6w7P7aXb9M0=
21,10,pToHKWvNlPRAU5hx4eUYbWBMVw4=,gCzVU6ZLwAtudLNk6w7P7aXb9M0=
22,9,pToHKWvNlPRAU5hx4eUYbWBMVw4=,gCzVU6ZLwAtudLNk6w7P7aXb9M0=
22,8,pToHKWvNlPRAU5hx4eUYbWBMVw4=,gCzVU6ZLwAtudLNk6w7P7aXb9M0=
22,10,pToHKWvNlPRAU5hx4eUYbWBMVw4=,gCzVU6ZLwAtudLNk6w7P7aXb9M0=
23,9,pToHKWvNlPRAU5hx4eUYbWBMVw4=,gCzVU6ZLwAtudLNk6w7P7aXb9M0=
23,10,pToHKWvNlPRAU5hx4eUYbWBMVw4=,gCzVU6ZLwAtudLNk6w7P7aXb9M0=
20,9,pToHKWvNlPRAU5hx4eUYbWBMVw4=,gCzVU6ZLwAtudLNk6w7P7aXb9M0=
19,9,VYLz9TZsiIByfioqPFHXf8NjNMg=,LRIpVNIgbHSNq6fjHO+SpVfvz1c=
19,10,VYLz9TZsiIByfioqPFHXf8NjNMg=,LRIpVNIgbHSNq6fjHO+SpVfvz1c=
20,10,pToHKWvNlPRAU5hx4eUYbWBMVw4=,gCzVU6ZLwAtudLNk6w7P7aXb9M0=
17,11,VYLz9TZsiIByfioqPFHXf8NjNMg=,LRIpVNIgbHSNq6fjHO+SpVfvz1c=
18,11,VYLz9TZsiIByfioqPFHXf8NjNMg=,LRIpVNIgbHSNq6fjHO+SpVfvz1c=
20,8,pToHKWvNlPRAU5hx4eUYbWBMVw4=,gCzVU6ZLwAtudLNk6w7P7aXb9M0=
19,6,VYLz9TZsiIByfioqPFHXf8NjNMg=,bJoR0KvVQODl639RmmlGQcH7Pk8=
20,6,pToHKWvNlPRAU5hx4eUYbWBMVw4=,rpqnXj3j4+lT3AzHSkr4janmX2U=
20,7,pToHKWvNlPRAU5hx4eUYbWBMVw4=,rpqnXj3j4+lT3AzHSkr4janmX2U=
19,8,VYLz9TZsiIByfioqPFHXf8NjNMg=,LRIpVNIgbHSNq6fjHO+SpVfvz1c=
18,8,VYLz9TZsiIByfioqPFHXf8NjNMg=,LRIpVNIgbHSNq6fjHO+SpVfvz1c=
19,7,VYLz9TZsiIByfioqPFHXf8NjNMg=,bJoR0KvVQODl639RmmlGQcH7Pk8=
18,7,VYLz9TZsiIByfioqPFHXf8NjNMg=,bJoR0KvVQODl639RmmlGQcH7Pk8=
18,9,VYLz9TZsiIByfioqPFHXf8NjNMg=,LRIpVNIgbHSNq6fjHO+SpVfvz1c=
18,6,VYLz9TZsiIByfioqPFHXf8NjNMg=,bJoR0KvVQODl639RmmlGQcH7Pk8=
22,0,pToHKWvNlPRAU5hx4eUYbWBMVw4=,1wVLcyZA1nXqE/yIqoR1jrLz2qc=
16,11,VYLz9TZsiIByfioqPFHXf8NjNMg=,LRIpVNIgbHSNq6fjHO+SpVfvz1c=
23,1,pToHKWvNlPRAU5hx4eUYbWBMVw4=,1wVLcyZA1nXqE/yIqoR1jrLz2qc=
23,2,pToHKWvNlPRAU5hx4eUYbWBMVw4=,1wVLcyZA1nXqE/yIqoR1jrLz2qc=
23,5,pToHKWvNlPRAU5hx4eUYbWBMVw4=,rpqnXj3j4+lT3AzHSkr4janmX2U=
23,6,pToHKWvNlPRAU5hx4eUYbWBMVw4=,rpqnXj3j4+lT3AzHSkr4janmX2U=
23,8,pToHKWvNlPRAU5hx4eUYbWBMVw4=,gCzVU6ZLwAtudLNk6w7P7aXb9M0=
19,11,VYLz9TZsiIByfioqPFHXf8NjNMg=,LRIpVNIgbHSNq6fjHO+SpVfvz1c=
23,7,pToHKWvNlPRAU5hx4eUYbWBMVw4=,rpqnXj3j4+lT3AzHSkr4janmX2U=
22,11,pToHKWvNlPRAU5hx4eUYbWBMVw4=,gCzVU6ZLwAtudLNk6w7P7aXb9M0=
23,11,pToHKWvNlPRAU5hx4eUYbWBMVw4=,gCzVU6ZLwAtudLNk6w7P7aXb9M0=
20,11,pToHKWvNlPRAU5hx4eUYbWBMVw4=,gCzVU6ZLwAtudLNk6w7P7aXb9M0=
21,11,pToHKWvNlPRAU5hx4eUYbWBMVw4=,gCzVU6ZLwAtudLNk6w7P7aXb9M0=
23,0,pToHKWvNlPRAU5hx4eUYbWBMVw4=,1wVLcyZA1nXqE/yIqoR1jrLz2qc=
18,10,VYLz9TZsiIByfioqPFHXf8NjNMg=,LRIpVNIgbHSNq6fjHO+SpVfvz1c=
23,4,pToHKWvNlPRAU5hx4eUYbWBMVw4=,rpqnXj3j4+lT3AzHSkr4janmX2U=
22,4,pToHKWvNlPRAU5hx4eUYbWBMVw4=,rpqnXj3j4+lT3AzHSkr4janmX2U=
23,3,pToHKWvNlPRAU5hx4eUYbWBMVw4=,1wVLcyZA1nXqE/yIqoR1jrLz2qc=
16,10,VYLz9TZsiIByfioqPFHXf8NjNMg=,LRIpVNIgbHSNq6fjHO+SpVfvz1c=
17,10,VYLz9TZsiIByfioqPFHXf8NjNMg=,LRIpVNIgbHSNq6fjHO+SpVfvz1c=
22,3,pToHKWvNlPRAU5hx4eUYbWBMVw4=,1wVLcyZA1nXqE/yIqoR1jrLz2qc=
21,1,pToHKWvNlPRAU5hx4eUYbWBMVw4=,1wVLcyZA1nXqE/yIqoR1jrLz2qc=
21,4,pToHKWvNlPRAU5hx4eUYbWBMVw4=,rpqnXj3j4+lT3AzHSkr4janmX2U=
21,2,pToHKWvNlPRAU5hx4eUYbWBMVw4=,1wVLcyZA1nXqE/yIqoR1jrLz2qc=
20,5,pToHKWvNlPRAU5hx4eUYbWBMVw4=,rpqnXj3j4+lT3AzHSkr4janmX2U=
21,0,pToHKWvNlPRAU5hx4eUYbWBMVw4=,1wVLcyZA1nXqE/yIqoR1jrLz2qc=
20,4,pToHKWvNlPRAU5hx4eUYbWBMVw4=,rpqnXj3j4+lT3AzHSkr4janmX2U=
19,3,pToHKWvNlPRAU5hx4eUYbWBMVw4=,JG1WFtQLj6MUGKLHu4Izzqi+UuE=
20,1,pToHKWvNlPRAU5hx4eUYbWBMVw4=,1wVLcyZA1nXqE/yIqoR1jrLz2qc=
18,1,pToHKWvNlPRAU5hx4eUYbWBMVw4=,JG1WFtQLj6MUGKLHu4Izzqi+UuE=
19,5,VYLz9TZsiIByfioqPFHXf8NjNMg=,bJoR0KvVQODl639RmmlGQcH7Pk8=
18,4,VYLz9TZsiIByfioqPFHXf8NjNMg=,bJoR0KvVQODl639RmmlGQcH7Pk8=
18,3,pToHKWvNlPRAU5hx4eUYbWBMVw4=,JG1WFtQLj6MUGKLHu4Izzqi+UuE=
18,5,VYLz9TZsiIByfioqPFHXf8NjNMg=,bJoR0KvVQODl639RmmlGQcH7Pk8=
19,4,VYLz9TZsiIByfioqPFHXf8NjNMg=,bJoR0KvVQODl639RmmlGQcH7Pk8=
20,3,pToHKWvNlPRAU5hx4eUYbWBMVw4=,1wVLcyZA1nXqE/yIqoR1jrLz2qc=
16,8,VYLz9TZsiIByfioqPFHXf8NjNMg=,LRIpVNIgbHSNq6fjHO+SpVfvz1c=
16,9,VYLz9TZsiIByfioqPFHXf8NjNMg=,LRIpVNIgbHSNq6fjHO+SpVfvz1c=
17,8,VYLz9TZsiIByfioqPFHXf8NjNMg=,LRIpVNIgbHSNq6fjHO+SpVfvz1c=
19,2,pToHKWvNlPRAU5hx4eUYbWBMVw4=,JG1WFtQLj6MUGKLHu4Izzqi+UuE=
21,3,pToHKWvNlPRAU5hx4eUYbWBMVw4=,1wVLcyZA1nXqE/yIqoR1jrLz2qc=
20,0,pToHKWvNlPRAU5hx4eUYbWBMVw4=,1wVLcyZA1nXqE/yIqoR1jrLz2qc=
19,1,pToHKWvNlPRAU5hx4eUYbWBMVw4=,JG1WFtQLj6MUGKLHu4Izzqi+UuE=
17,9,VYLz9TZsiIByfioqPFHXf8NjNMg=,LRIpVNIgbHSNq6fjHO+SpVfvz1c=
18,0,pToHKWvNlPRAU5hx4eUYbWBMVw4=,JG1WFtQLj6MUGKLHu4Izzqi+UuE=
20,2,pToHKWvNlPRAU5hx4eUYbWBMVw4=,1wVLcyZA1nXqE/yIqoR1jrLz2qc=
17,4,VYLz9TZsiIByfioqPFHXf8NjNMg=,bJoR0KvVQODl639RmmlGQcH7Pk8=
17,7,VYLz9TZsiIByfioqPFHXf8NjNMg=,bJoR0KvVQODl639RmmlGQcH7Pk8=
17,5,VYLz9TZsiIByfioqPFHXf8NjNMg=,bJoR0KvVQODl639RmmlGQcH7Pk8=
18,2,pToHKWvNlPRAU5hx4eUYbWBMVw4=,JG1WFtQLj6MUGKLHu4Izzqi+UuE=
16,3,pToHKWvNlPRAU5hx4eUYbWBMVw4=,JG1WFtQLj6MUGKLHu4Izzqi+UuE=
16,4,VYLz9TZsiIByfioqPFHXf8NjNMg=,bJoR0KvVQODl639RmmlGQcH7Pk8=
16,7,VYLz9TZsiIByfioqPFHXf8NjNMg=,bJoR0KvVQODl639RmmlGQcH7Pk8=
16,6,VYLz9TZsiIByfioqPFHXf8NjNMg=,bJoR0KvVQODl639RmmlGQcH7Pk8=
17,2,spg3MVSoIrOUqlkGm48jJROIBoU=,JG1WFtQLj6MUGKLHu4Izzqi+UuE=
16,2,pToHKWvNlPRAU5hx4eUYbWBMVw4=,JG1WFtQLj6MUGKLHu4Izzqi+UuE=
17,3,spg3MVSoIrOUqlkGm48jJROIBoU=,JG1WFtQLj6MUGKLHu4Izzqi+UuE=
19,0,pToHKWvNlPRAU5hx4eUYbWBMVw4=,JG1WFtQLj6MUGKLHu4Izzqi+UuE=
16,5,VYLz9TZsiIByfioqPFHXf8NjNMg=,bJoR0KvVQODl639RmmlGQcH7Pk8=
17,6,VYLz9TZsiIByfioqPFHXf8NjNMg=,bJoR0KvVQODl639RmmlGQcH7Pk8=
17,1,spg3MVSoIrOUqlkGm48jJROIBoU=,JG1WFtQLj6MUGKLHu4Izzqi+UuE=
16,1,pToHKWvNlPRAU5hx4eUYbWBMVw4=,JG1WFtQLj6MUGKLHu4Izzqi+UuE=
16,0,pToHKWvNlPRAU5hx4eUYbWBMVw4=,JG1WFtQLj6MUGKLHu4Izzqi+UuE=
17,0,spg3MVSoIrOUqlkGm48jJROIBoU=,JG1WFtQLj6MUGKLHu4Izzqi+UuE=
17,14,7u74PtcDukxcBFCp+k4QJD00gf8=,GCe7UKj2YMWvxB4OGt2Ixdr89Hc=
19,14,VYLz9TZsiIByfioqPFHXf8NjNMg=,GCe7UKj2YMWvxB4OGt2Ixdr89Hc=
18,14,7u74PtcDukxcBFCp+k4QJD00gf8=,GCe7UKj2YMWvxB4OGt2Ixdr89Hc=
19,13,VYLz9TZsiIByfioqPFHXf8NjNMg=,GCe7UKj2YMWvxB4OGt2Ixdr89Hc=
19,12,VYLz9TZsiIByfioqPFHXf8NjNMg=,GCe7UKj2YMWvxB4OGt2Ixdr89Hc=
18,13,VYLz9TZsiIByfioqPFHXf8NjNMg=,GCe7UKj2YMWvxB4OGt2Ixdr89Hc=
18,12,VYLz9TZsiIByfioqPFHXf8NjNMg=,GCe7UKj2YMWvxB4OGt2Ixdr89Hc=
17,15,VYLz9TZsiIByfioqPFHXf8NjNMg=,GCe7UKj2YMWvxB4OGt2Ixdr89Hc=
18,15,VYLz9TZsiIByfioqPFHXf8NjNMg=,GCe7UKj2YMWvxB4OGt2Ixdr89Hc=
19,15,VYLz9TZsiIByfioqPFHXf8NjNMg=,GCe7UKj2YMWvxB4OGt2Ixdr89Hc=
16,12,VYLz9TZsiIByfioqPFHXf8NjNMg=,GCe7UKj2YMWvxB4OGt2Ixdr89Hc=
17,12,VYLz9TZsiIByfioqPFHXf8NjNMg=,GCe7UKj2YMWvxB4OGt2Ixdr89Hc=
17,13,VYLz9TZsiIByfioqPFHXf8NjNMg=,GCe7UKj2YMWvxB4OGt2Ixdr89Hc=
16,13,VYLz9TZsiIByfioqPFHXf8NjNMg=,GCe7UKj2YMWvxB4OGt2Ixdr89Hc=
16,14,VYLz9TZsiIByfioqPFHXf8NjNMg=,GCe7UKj2YMWvxB4OGt2Ixdr89Hc=
16,15,VYLz9TZsiIByfioqPFHXf8NjNMg=,GCe7UKj2YMWvxB4OGt2Ixdr89Hc=
6,17,mI7t05dn5NN+hKxWh9ibBNHNml4=,k7SDx5IutGDbiMiCP5zQSA1Isuc=
5,17,mI7t05dn5NN+hKxWh9ibBNHNml4=,k7SDx5IutGDbiMiCP5zQSA1Isuc=
6,19,mI7t05dn5NN+hKxWh9ibBNHNml4=,k7SDx5IutGDbiMiCP5zQSA1Isuc=
6,18,mI7t05dn5NN+hKxWh9ibBNHNml4=,k7SDx5IutGDbiMiCP5zQSA1Isuc=
5,19,mI7t05dn5NN+hKxWh9ibBNHNml4=,k7SDx5IutGDbiMiCP5zQSA1Isuc=
5,18,mI7t05dn5NN+hKxWh9ibBNHNml4=,k7SDx5IutGDbiMiCP5zQSA1Isuc=
6,16,mI7t05dn5NN+hKxWh9ibBNHNml4=,k7SDx5IutGDbiMiCP5zQSA1Isuc=
5,16,mI7t05dn5NN+hKxWh9ibBNHNml4=,k7SDx5IutGDbiMiCP5zQSA1Isuc=
4,18,mI7t05dn5NN+hKxWh9ibBNHNml4=,k7SDx5IutGDbiMiCP5zQSA1Isuc=
4,19,mI7t05dn5NN+hKxWh9ibBNHNml4=,k7SDx5IutGDbiMiCP5zQSA1Isuc=
4,17,mI7t05dn5NN+hKxWh9ibBNHNml4=,k7SDx5IutGDbiMiCP5zQSA1Isuc=
4,16,mI7t05dn5NN+hKxWh9ibBNHNml4=,k7SDx5IutGDbiMiCP5zQSA1Isuc=
7,19,mI7t05dn5NN+hKxWh9ibBNHNml4=,k7SDx5IutGDbiMiCP5zQSA1Isuc=
7,17,mI7t05dn5NN+hKxWh9ibBNHNml4=,k7SDx5IutGDbiMiCP5zQSA1Isuc=
7,18,mI7t05dn5NN+hKxWh9ibBNHNml4=,k7SDx5IutGDbiMiCP5zQSA1Isuc=
7,16,mI7t05dn5NN+hKxWh9ibBNHNml4=,k7SDx5IutGDbiMiCP5zQSA1Isuc=
24,1,jFEl1Zq33d5GJBmGwaK2AdifL4k=,WT6sw6MfvWAGw11is4txNXvrKd8=
24,2,jFEl1Zq33d5GJBmGwaK2AdifL4k=,WT6sw6MfvWAGw11is4txNXvrKd8=
26,2,jFEl1Zq33d5GJBmGwaK2AdifL4k=,WT6sw6MfvWAGw11is4txNXvrKd8=
26,1,jFEl1Zq33d5GJBmGwaK2AdifL4k=,WT6sw6MfvWAGw11is4txNXvrKd8=
25,2,jFEl1Zq33d5GJBmGwaK2AdifL4k=,WT6sw6MfvWAGw11is4txNXvrKd8=
25,1,jFEl1Zq33d5GJBmGwaK2AdifL4k=,WT6sw6MfvWAGw11is4txNXvrKd8=
24,6,jFEl1Zq33d5GJBmGwaK2AdifL4k=,1FncoDYEnmhkcHeiGzDwDnpxRJs=
24,3,jFEl1Zq33d5GJBmGwaK2AdifL4k=,WT6sw6MfvWAGw11is4txNXvrKd8=
25,3,jFEl1Zq33d5GJBmGwaK2AdifL4k=,WT6sw6MfvWAGw11is4txNXvrKd8=
24,5,jFEl1Zq33d5GJBmGwaK2AdifL4k=,1FncoDYEnmhkcHeiGzDwDnpxRJs=
25,4,jFEl1Zq33d5GJBmGwaK2AdifL4k=,1FncoDYEnmhkcHeiGzDwDnpxRJs=
25,5,jFEl1Zq33d5GJBmGwaK2AdifL4k=,1FncoDYEnmhkcHeiGzDwDnpxRJs=
24,4,jFEl1Zq33d5GJBmGwaK2AdifL4k=,1FncoDYEnmhkcHeiGzDwDnpxRJs=
30,6,jFEl1Zq33d5GJBmGwaK2AdifL4k=,MPIt/PbQvDQEduoU+1SeFETuMpU=
29,6,jFEl1Zq33d5GJBmGwaK2AdifL4k=,MPIt/PbQvDQEduoU+1SeFETuMpU=
29,5,jFEl1Zq33d5GJBmGwaK2AdifL4k=,MPIt/PbQvDQEduoU+1SeFETuMpU=
28,6,jFEl1Zq33d5GJBmGwaK2AdifL4k=,MPIt/PbQvDQEduoU+1SeFETuMpU=
30,5,jFEl1Zq33d5GJBmGwaK2AdifL4k=,MPIt/PbQvDQEduoU+1SeFETuMpU=
24,0,jFEl1Zq33d5GJBmGwaK2AdifL4k=,WT6sw6MfvWAGw11is4txNXvrKd8=
25,0,jFEl1Zq33d5GJBmGwaK2AdifL4k=,WT6sw6MfvWAGw11is4txNXvrKd8=
26,0,jFEl1Zq33d5GJBmGwaK2AdifL4k=,WT6sw6MfvWAGw11is4txNXvrKd8=
31,5,jFEl1Zq33d5GJBmGwaK2AdifL4k=,MPIt/PbQvDQEduoU+1SeFETuMpU=
31,6,wcftP4gn8LsA5JFb+WZ7cL1odl8=,MPIt/PbQvDQEduoU+1SeFETuMpU=
29,7,wcftP4gn8LsA5JFb+WZ7cL1odl8=,MPIt/PbQvDQEduoU+1SeFETuMpU=
30,7,wcftP4gn8LsA5JFb+WZ7cL1odl8=,MPIt/PbQvDQEduoU+1SeFETuMpU=
24,7,wcftP4gn8LsA5JFb+WZ7cL1odl8=,1FncoDYEnmhkcHeiGzDwDnpxRJs=
25,7,wcftP4gn8LsA5JFb+WZ7cL1odl8=,1FncoDYEnmhkcHeiGzDwDnpxRJs=
28,7,wcftP4gn8LsA5JFb+WZ7cL1odl8=,MPIt/PbQvDQEduoU+1SeFETuMpU=
26,7,wcftP4gn8LsA5JFb+WZ7cL1odl8=,1FncoDYEnmhkcHeiGzDwDnpxRJs=
27,7,wcftP4gn8LsA5JFb+WZ7cL1odl8=,1FncoDYEnmhkcHeiGzDwDnpxRJs=
27,6,wcftP4gn8LsA5JFb+WZ7cL1odl8=,1FncoDYEnmhkcHeiGzDwDnpxRJs=
25,6,wcftP4gn8LsA5JFb+WZ7cL1odl8=,1FncoDYEnmhkcHeiGzDwDnpxRJs=
26,6,wcftP4gn8LsA5JFb+WZ7cL1odl8=,1FncoDYEnmhkcHeiGzDwDnpxRJs=
27,1,wcftP4gn8LsA5JFb+WZ7cL1odl8=,WT6sw6MfvWAGw11is4txNXvrKd8=
27,2,wcftP4gn8LsA5JFb+WZ7cL1odl8=,WT6sw6MfvWAGw11is4txNXvrKd8=
27,4,wcftP4gn8LsA5JFb+WZ7cL1odl8=,1FncoDYEnmhkcHeiGzDwDnpxRJs=
31,4,wcftP4gn8LsA5JFb+WZ7cL1odl8=,MPIt/PbQvDQEduoU+1SeFETuMpU=
27,0,wcftP4gn8LsA5JFb+WZ7cL1odl8=,WT6sw6MfvWAGw11is4txNXvrKd8=
27,5,wcftP4gn8LsA5JFb+WZ7cL1odl8=,1FncoDYEnmhkcHeiGzDwDnpxRJs=
31,7,wcftP4gn8LsA5JFb+WZ7cL1odl8=,MPIt/PbQvDQEduoU+1SeFETuMpU=
30,4,wcftP4gn8LsA5JFb+WZ7cL1odl8=,MPIt/PbQvDQEduoU+1SeFETuMpU=
29,4,wcftP4gn8LsA5JFb+WZ7cL1odl8=,MPIt/PbQvDQEduoU+1SeFETuMpU=
28,4,wcftP4gn8LsA5JFb+WZ7cL1odl8=,MPIt/PbQvDQEduoU+1SeFETuMpU=
26,4,wcftP4gn8LsA5JFb+WZ7cL1odl8=,1FncoDYEnmhkcHeiGzDwDnpxRJs=
28,5,wcftP4gn8LsA5JFb+WZ7cL1odl8=,MPIt/PbQvDQEduoU+1SeFETuMpU=
27,3,wcftP4gn8LsA5JFb+WZ7cL1odl8=,WT6sw6MfvWAGw11is4txNXvrKd8=
26,3,wcftP4gn8LsA5JFb+WZ7cL1odl8=,WT6sw6MfvWAGw11is4txNXvrKd8=
26,5,wcftP4gn8LsA5JFb+WZ7cL1odl8=,1FncoDYEnmhkcHeiGzDwDnpxRJs=
