-12,38,d80aDYZi1BOGkDrsdWsqXZwmfuw=,TQOPoaQso+vDf3X5+A5nQIjdGbk=
-15,36,d80aDYZi1BOGkDrsdWsqXZwmfuw=,TQOPoaQso+vDf3X5+A5nQIjdGbk=
-13,38,d80aDYZi1BOGkDrsdWsqXZwmfuw=,TQOPoaQso+vDf3X5+A5nQIjdGbk=
-15,35,d80aDYZi1BOGkDrsdWsqXZwmfuw=,TQOPoaQso+vDf3X5+A5nQIjdGbk=
-10,34,d80aDYZi1BOGkDrsdWsqXZwmfuw=,TQOPoaQso+vDf3X5+A5nQIjdGbk=
-14,38,d80aDYZi1BOGkDrsdWsqXZwmfuw=,TQOPoaQso+vDf3X5+A5nQIjdGbk=
-15,37,d80aDYZi1BOGkDrsdWsqXZwmfuw=,TQOPoaQso+vDf3X5+A5nQIjdGbk=
-15,38,d80aDYZi1BOGkDrsdWsqXZwmfuw=,TQOPoaQso+vDf3X5+A5nQIjdGbk=
-13,33,d80aDYZi1BOGkDrsdWsqXZwmfuw=,TQOPoaQso+vDf3X5+A5nQIjdGbk=
-10,36,d80aDYZi1BOGkDrsdWsqXZwmfuw=,TQOPoaQso+vDf3X5+A5nQIjdGbk=
-11,36,d80aDYZi1BOGkDrsdWsqXZwmfuw=,TQOPoaQso+vDf3X5+A5nQIjdGbk=
-13,36,d80aDYZi1BOGkDrsdWsqXZwmfuw=,TQOPoaQso+vDf3X5+A5nQIjdGbk=
-10,37,d80aDYZi1BOGkDrsdWsqXZwmfuw=,TQOPoaQso+vDf3X5+A5nQIjdGbk=
-12,36,d80aDYZi1BOGkDrsdWsqXZwmfuw=,TQOPoaQso+vDf3X5+A5nQIjdGbk=
-11,34,d80aDYZi1BOGkDrsdWsqXZwmfuw=,TQOPoaQso+vDf3X5+A5nQIjdGbk=
-12,34,d80aDYZi1BOGkDrsdWsqXZwmfuw=,TQOPoaQso+vDf3X5+A5nQIjdGbk=
-14,33,d80aDYZi1BOGkDrsdWsqXZwmfuw=,TQOPoaQso+vDf3X5+A5nQIjdGbk=
-13,34,d80aDYZi1BOGkDrsdWsqXZwmfuw=,TQOPoaQso+vDf3X5+A5nQIjdGbk=
-15,34,d80aDYZi1BOGkDrsdWsqXZwmfuw=,TQOPoaQso+vDf3X5+A5nQIjdGbk=
-15,33,d80aDYZi1BOGkDrsdWsqXZwmfuw=,TQOPoaQso+vDf3X5+A5nQIjdGbk=
-11,37,d80aDYZi1BOGkDrsdWsqXZwmfuw=,TQOPoaQso+vDf3X5+A5nQIjdGbk=
-14,34,d80aDYZi1BOGkDrsdWsqXZwmfuw=,TQOPoaQso+vDf3X5+A5nQIjdGbk=
-10,35,d80aDYZi1BOGkDrsdWsqXZwmfuw=,TQOPoaQso+vDf3X5+A5nQIjdGbk=
-12,37,d80aDYZi1BOGkDrsdWsqXZwmfuw=,TQOPoaQso+vDf3X5+A5nQIjdGbk=
-13,37,d80aDYZi1BOGkDrsdWsqXZwmfuw=,TQOPoaQso+vDf3X5+A5nQIjdGbk=
-14,37,d80aDYZi1BOGkDrsdWsqXZwmfuw=,TQOPoaQso+vDf3X5+A5nQIjdGbk=
-12,35,d80aDYZi1BOGkDrsdWsqXZwmfuw=,TQOPoaQso+vDf3X5+A5nQIjdGbk=
-11,35,d80aDYZi1BOGkDrsdWsqXZwmfuw=,TQOPoaQso+vDf3X5+A5nQIjdGbk=
-13,35,d80aDYZi1BOGkDrsdWsqXZwmfuw=,TQOPoaQso+vDf3X5+A5nQIjdGbk=
-14,36,d80aDYZi1BOGkDrsdWsqXZwmfuw=,TQOPoaQso+vDf3X5+A5nQIjdGbk=
-11,38,d80aDYZi1BOGkDrsdWsqXZwmfuw=,TQOPoaQso+vDf3X5+A5nQIjdGbk=
-14,35,d80aDYZi1BOGkDrsdWsqXZwmfuw=,TQOPoaQso+vDf3X5+A5nQIjdGbk=
-10,38,d80aDYZi1BOGkDrsdWsqXZwmfuw=,TQOPoaQso+vDf3X5+A5nQIjdGbk=
-10,39,d80aDYZi1BOGkDrsdWsqXZwmfuw=,TQOPoaQso+vDf3X5+A5nQIjdGbk=
-12,39,d80aDYZi1BOGkDrsdWsqXZwmfuw=,TQOPoaQso+vDf3X5+A5nQIjdGbk=
-15,39,d80aDYZi1BOGkDrsdWsqXZwmfuw=,TQOPoaQso+vDf3X5+A5nQIjdGbk=
-11,39,d80aDYZi1BOGkDrsdWsqXZwmfuw=,TQOPoaQso+vDf3X5+A5nQIjdGbk=
-13,39,d80aDYZi1BOGkDrsdWsqXZwmfuw=,TQOPoaQso+vDf3X5+A5nQIjdGbk=
-14,39,d80aDYZi1BOGkDrsdWsqXZwmfuw=,TQOPoaQso+vDf3X5+A5nQIjdGbk=
-16,35,d80aDYZi1BOGkDrsdWsqXZwmfuw=,TQOPoaQso+vDf3X5+A5nQIjdGbk=
-16,37,d80aDYZi1BOGkDrsdWsqXZwmfuw=,TQOPoaQso+vDf3X5+A5nQIjdGbk=
-16,36,d80aDYZi1BOGkDrsdWsqXZwmfuw=,TQOPoaQso+vDf3X5+A5nQIjdGbk=
-16,34,d80aDYZi1BOGkDrsdWsqXZwmfuw=,TQOPoaQso+vDf3X5+A5nQIjdGbk=
-16,33,d80aDYZi1BOGkDrsdWsqXZwmfuw=,TQOPoaQso+vDf3X5+A5nQIjdGbk=
-16,38,d80aDYZi1BOGkDrsdWsqXZwmfuw=,TQOPoaQso+vDf3X5+A5nQIjdGbk=
-1,36,d80aDYZi1BOGkDrsdWsqXZwmfuw=,YbmVu1syf17uAai737Rdl4ZAm7s=
-4,36,d80aDYZi1BOGkDrsdWsqXZwmfuw=,YbmVu1syf17uAai737Rdl4ZAm7s=
-3,36,d80aDYZi1BOGkDrsdWsqXZwmfuw=,YbmVu1syf17uAai737Rdl4ZAm7s=
-8,37,d80aDYZi1BOGkDrsdWsqXZwmfuw=,YbmVu1syf17uAai737Rdl4ZAm7s=
-6,36,d80aDYZi1BOGkDrsdWsqXZwmfuw=,YbmVu1syf17uAai737Rdl4ZAm7s=
-2,36,d80aDYZi1BOGkDrsdWsqXZwmfuw=,YbmVu1syf17uAai737Rdl4ZAm7s=
-7,37,d80aDYZi1BOGkDrsdWsqXZwmfuw=,YbmVu1syf17uAai737Rdl4ZAm7s=
-7,36,d80aDYZi1BOGkDrsdWsqXZwmfuw=,YbmVu1syf17uAai737Rdl4ZAm7s=
-9,34,d80aDYZi1BOGkDrsdWsqXZwmfuw=,TQOPoaQso+vDf3X5+A5nQIjdGbk=
-6,37,d80aDYZi1BOGkDrsdWsqXZwmfuw=,YbmVu1syf17uAai737Rdl4ZAm7s=
-8,36,d80aDYZi1BOGkDrsdWsqXZwmfuw=,YbmVu1syf17uAai737Rdl4ZAm7s=
-5,36,d80aDYZi1BOGkDrsdWsqXZwmfuw=,YbmVu1syf17uAai737Rdl4ZAm7s=
-5,37,d80aDYZi1BOGkDrsdWsqXZwmfuw=,YbmVu1syf17uAai737Rdl4ZAm7s=
-1,35,d80aDYZi1BOGkDrsdWsqXZwmfuw=,YbmVu1syf17uAai737Rdl4ZAm7s=
-9,36,d80aDYZi1BOGkDrsdWsqXZwmfuw=,TQOPoaQso+vDf3X5+A5nQIjdGbk=
-9,38,d80aDYZi1BOGkDrsdWsqXZwmfuw=,TQOPoaQso+vDf3X5+A5nQIjdGbk=
-2,35,d80aDYZi1BOGkDrsdWsqXZwmfuw=,YbmVu1syf17uAai737Rdl4ZAm7s=
-3,35,d80aDYZi1BOGkDrsdWsqXZwmfuw=,YbmVu1syf17uAai737Rdl4ZAm7s=
-4,35,d80aDYZi1BOGkDrsdWsqXZwmfuw=,YbmVu1syf17uAai737Rdl4ZAm7s=
-4,37,d80aDYZi1BOGkDrsdWsqXZwmfuw=,YbmVu1syf17uAai737Rdl4ZAm7s=
-3,37,d80aDYZi1BOGkDrsdWsqXZwmfuw=,YbmVu1syf17uAai737Rdl4ZAm7s=
-7,35,d80aDYZi1BOGkDrsdWsqXZwmfuw=,YbmVu1syf17uAai737Rdl4ZAm7s=
-6,35,d80aDYZi1BOGkDrsdWsqXZwmfuw=,YbmVu1syf17uAai737Rdl4ZAm7s=
-8,35,d80aDYZi1BOGkDrsdWsqXZwmfuw=,YbmVu1syf17uAai737Rdl4ZAm7s=
-2,37,d80aDYZi1BOGkDrsdWsqXZwmfuw=,YbmVu1syf17uAai737Rdl4ZAm7s=
-1,34,d80aDYZi1BOGkDrsdWsqXZwmfuw=,YbmVu1syf17uAai737Rdl4ZAm7s=
-2,39,d80aDYZi1BOGkDrsdWsqXZwmfuw=,YbmVu1syf17uAai737Rdl4ZAm7s=
-9,37,d80aDYZi1BOGkDrsdWsqXZwmfuw=,TQOPoaQso+vDf3X5+A5nQIjdGbk=
-1,37,d80aDYZi1BOGkDrsdWsqXZwmfuw=,YbmVu1syf17uAai737Rdl4ZAm7s=
-2,34,d80aDYZi1BOGkDrsdWsqXZwmfuw=,YbmVu1syf17uAai737Rdl4ZAm7s=
-3,39,d80aDYZi1BOGkDrsdWsqXZwmfuw=,YbmVu1syf17uAai737Rdl4ZAm7s=
-8,38,d80aDYZi1BOGkDrsdWsqXZwmfuw=,YbmVu1syf17uAai737Rdl4ZAm7s=
-3,34,d80aDYZi1BOGkDrsdWsqXZwmfuw=,YbmVu1syf17uAai737Rdl4ZAm7s=
-9,35,d80aDYZi1BOGkDrsdWsqXZwmfuw=,TQOPoaQso+vDf3X5+A5nQIjdGbk=
-4,34,d80aDYZi1BOGkDrsdWsqXZwmfuw=,YbmVu1syf17uAai737Rdl4ZAm7s=
-7,38,d80aDYZi1BOGkDrsdWsqXZwmfuw=,YbmVu1syf17uAai737Rdl4ZAm7s=
-4,39,d80aDYZi1BOGkDrsdWsqXZwmfuw=,YbmVu1syf17uAai737Rdl4ZAm7s=
-6,39,d80aDYZi1BOGkDrsdWsqXZwmfuw=,YbmVu1syf17uAai737Rdl4ZAm7s=
-9,39,d80aDYZi1BOGkDrsdWsqXZwmfuw=,TQOPoaQso+vDf3X5+A5nQIjdGbk=
-5,34,d80aDYZi1BOGkDrsdWsqXZwmfuw=,YbmVu1syf17uAai737Rdl4ZAm7s=
-6,34,d80aDYZi1BOGkDrsdWsqXZwmfuw=,YbmVu1syf17uAai737Rdl4ZAm7s=
-5,35,d80aDYZi1BOGkDrsdWsqXZwmfuw=,YbmVu1syf17uAai737Rdl4ZAm7s=
-7,39,d80aDYZi1BOGkDrsdWsqXZwmfuw=,YbmVu1syf17uAai737Rdl4ZAm7s=
-6,38,d80aDYZi1BOGkDrsdWsqXZwmfuw=,YbmVu1syf17uAai737Rdl4ZAm7s=
-8,39,d80aDYZi1BOGkDrsdWsqXZwmfuw=,YbmVu1syf17uAai737Rdl4ZAm7s=
-1,38,d80aDYZi1BOGkDrsdWsqXZwmfuw=,YbmVu1syf17uAai737Rdl4ZAm7s=
-2,38,d80aDYZi1BOGkDrsdWsqXZwmfuw=,YbmVu1syf17uAai737Rdl4ZAm7s=
-5,39,d80aDYZi1BOGkDrsdWsqXZwmfuw=,YbmVu1syf17uAai737Rdl4ZAm7s=
-2,33,d80aDYZi1BOGkDrsdWsqXZwmfuw=,YbmVu1syf17uAai737Rdl4ZAm7s=
-3,33,d80aDYZi1BOGkDrsdWsqXZwmfuw=,YbmVu1syf17uAai737Rdl4ZAm7s=
-1,33,d80aDYZi1BOGkDrsdWsqXZwmfuw=,YbmVu1syf17uAai737Rdl4ZAm7s=
-6,33,d80aDYZi1BOGkDrsdWsqXZwmfuw=,YbmVu1syf17uAai737Rdl4ZAm7s=
-4,33,d80aDYZi1BOGkDrsdWsqXZwmfuw=,YbmVu1syf17uAai737Rdl4ZAm7s=
-4,38,d80aDYZi1BOGkDrsdWsqXZwmfuw=,YbmVu1syf17uAai737Rdl4ZAm7s=
-5,38,d80aDYZi1BOGkDrsdWsqXZwmfuw=,YbmVu1syf17uAai737Rdl4ZAm7s=
-5,33,d80aDYZi1BOGkDrsdWsqXZwmfuw=,YbmVu1syf17uAai737Rdl4ZAm7s=
-3,38,d80aDYZi1BOGkDrsdWsqXZwmfuw=,YbmVu1syf17uAai737Rdl4ZAm7s=
-1,39,d80aDYZi1BOGkDrsdWsqXZwmfuw=,YbmVu1syf17uAai737Rdl4ZAm7s=
-16,39,d80aDYZi1BOGkDrsdWsqXZwmfuw=,TQOPoaQso+vDf3X5+A5nQIjdGbk=
-6,32,d80aDYZi1BOGkDrsdWsqXZwmfuw=,YbmVu1syf17uAai737Rdl4ZAm7s=
-2,32,d80aDYZi1BOGkDrsdWsqXZwmfuw=,YbmVu1syf17uAai737Rdl4ZAm7s=
-3,32,d80aDYZi1BOGkDrsdWsqXZwmfuw=,YbmVu1syf17uAai737Rdl4ZAm7s=
-4,32,d80aDYZi1BOGkDrsdWsqXZwmfuw=,YbmVu1syf17uAai737Rdl4ZAm7s=
-5,32,d80aDYZi1BOGkDrsdWsqXZwmfuw=,YbmVu1syf17uAai737Rdl4ZAm7s=
-11,32,d80aDYZi1BOGkDrsdWsqXZwmfuw=,TQOPoaQso+vDf3X5+A5nQIjdGbk=
-16,32,d80aDYZi1BOGkDrsdWsqXZwmfuw=,TQOPoaQso+vDf3X5+A5nQIjdGbk=
-13,32,d80aDYZi1BOGkDrsdWsqXZwmfuw=,TQOPoaQso+vDf3X5+A5nQIjdGbk=
-15,32,d80aDYZi1BOGkDrsdWsqXZwmfuw=,TQOPoaQso+vDf3X5+A5nQIjdGbk=
-14,32,d80aDYZi1BOGkDrsdWsqXZwmfuw=,TQOPoaQso+vDf3X5+A5nQIjdGbk=
-12,32,d80aDYZi1BOGkDrsdWsqXZwmfuw=,TQOPoaQso+vDf3X5+A5nQIjdGbk=
-10,32,d80aDYZi1BOGkDrsdWsqXZwmfuw=,TQOPoaQso+vDf3X5+A5nQIjdGbk=
-8,32,d80aDYZi1BOGkDrsdWsqXZwmfuw=,YbmVu1syf17uAai737Rdl4ZAm7s=
-11,33,d80aDYZi1BOGkDrsdWsqXZwmfuw=,TQOPoaQso+vDf3X5+A5nQIjdGbk=
-10,33,d80aDYZi1BOGkDrsdWsqXZwmfuw=,TQOPoaQso+vDf3X5+A5nQIjdGbk=
-7,34,d80aDYZi1BOGkDrsdWsqXZwmfuw=,YbmVu1syf17uAai737Rdl4ZAm7s=
-7,32,d80aDYZi1BOGkDrsdWsqXZwmfuw=,YbmVu1syf17uAai737Rdl4ZAm7s=
-7,33,d80aDYZi1BOGkDrsdWsqXZwmfuw=,YbmVu1syf17uAai737Rdl4ZAm7s=
-12,33,d80aDYZi1BOGkDrsdWsqXZwmfuw=,TQOPoaQso+vDf3X5+A5nQIjdGbk=
-1,32,d80aDYZi1BOGkDrsdWsqXZwmfuw=,YbmVu1syf17uAai737Rdl4ZAm7s=
-8,33,d80aDYZi1BOGkDrsdWsqXZwmfuw=,YbmVu1syf17uAai737Rdl4ZAm7s=
-8,34,d80aDYZi1BOGkDrsdWsqXZwmfuw=,YbmVu1syf17uAai737Rdl4ZAm7s=
-9,32,d80aDYZi1BOGkDrsdWsqXZwmfuw=,TQOPoaQso+vDf3X5+A5nQIjdGbk=
-9,33,d80aDYZi1BOGkDrsdWsqXZwmfuw=,TQOPoaQso+vDf3X5+A5nQIjdGbk=
-19,38,s8zUyQpoZ/zhCf4oPWB+vu5lidE=,kTwk/HIv2JXchaJkTNrtWZKcXrE=
-17,39,s8zUyQpoZ/zhCf4oPWB+vu5lidE=,kTwk/HIv2JXchaJkTNrtWZKcXrE=
-22,34,s8zUyQpoZ/zhCf4oPWB+vu5lidE=,kTwk/HIv2JXchaJkTNrtWZKcXrE=
-20,38,s8zUyQpoZ/zhCf4oPWB+vu5lidE=,kTwk/HIv2JXchaJkTNrtWZKcXrE=
-19,39,s8zUyQpoZ/zhCf4oPWB+vu5lidE=,kTwk/HIv2JXchaJkTNrtWZKcXrE=
-20,37,s8zUyQpoZ/zhCf4oPWB+vu5lidE=,kTwk/HIv2JXchaJkTNrtWZKcXrE=
-18,39,s8zUyQpoZ/zhCf4oPWB+vu5lidE=,kTwk/HIv2JXchaJkTNrtWZKcXrE=
-21,35,s8zUyQpoZ/zhCf4oPWB+vu5lidE=,kTwk/HIv2JXchaJkTNrtWZKcXrE=
-19,37,s8zUyQpoZ/zhCf4oPWB+vu5lidE=,kTwk/HIv2JXchaJkTNrtWZKcXrE=
-20,39,s8zUyQpoZ/zhCf4oPWB+vu5lidE=,kTwk/HIv2JXchaJkTNrtWZKcXrE=
-22,35,s8zUyQpoZ/zhCf4oPWB+vu5lidE=,kTwk/HIv2JXchaJkTNrtWZKcXrE=
-23,35,s8zUyQpoZ/zhCf4oPWB+vu5lidE=,kTwk/HIv2JXchaJkTNrtWZKcXrE=
-21,38,s8zUyQpoZ/zhCf4oPWB+vu5lidE=,kTwk/HIv2JXchaJkTNrtWZKcXrE=
-22,39,s8zUyQpoZ/zhCf4oPWB+vu5lidE=,kTwk/HIv2JXchaJkTNrtWZKcXrE=
-22,38,s8zUyQpoZ/zhCf4oPWB+vu5lidE=,kTwk/HIv2JXchaJkTNrtWZKcXrE=
-20,36,s8zUyQpoZ/zhCf4oPWB+vu5lidE=,kTwk/HIv2JXchaJkTNrtWZKcXrE=
-21,39,s8zUyQpoZ/zhCf4oPWB+vu5lidE=,kTwk/HIv2JXchaJkTNrtWZKcXrE=
-21,37,s8zUyQpoZ/zhCf4oPWB+vu5lidE=,kTwk/HIv2JXchaJkTNrtWZKcXrE=
-18,37,s8zUyQpoZ/zhCf4oPWB+vu5lidE=,kTwk/HIv2JXchaJkTNrtWZKcXrE=
-24,35,s8zUyQpoZ/zhCf4oPWB+vu5lidE=,kTwk/HIv2JXchaJkTNrtWZKcXrE=
-17,34,s8zUyQpoZ/zhCf4oPWB+vu5lidE=,kTwk/HIv2JXchaJkTNrtWZKcXrE=
-17,37,s8zUyQpoZ/zhCf4oPWB+vu5lidE=,kTwk/HIv2JXchaJkTNrtWZKcXrE=
-24,37,s8zUyQpoZ/zhCf4oPWB+vu5lidE=,kTwk/HIv2JXchaJkTNrtWZKcXrE=
-21,36,s8zUyQpoZ/zhCf4oPWB+vu5lidE=,kTwk/HIv2JXchaJkTNrtWZKcXrE=
-23,37,s8zUyQpoZ/zhCf4oPWB+vu5lidE=,kTwk/HIv2JXchaJkTNrtWZKcXrE=
-22,37,s8zUyQpoZ/zhCf4oPWB+vu5lidE=,kTwk/HIv2JXchaJkTNrtWZKcXrE=
-24,32,s8zUyQpoZ/zhCf4oPWB+vu5lidE=,kTwk/HIv2JXchaJkTNrtWZKcXrE=
-17,36,s8zUyQpoZ/zhCf4oPWB+vu5lidE=,kTwk/HIv2JXchaJkTNrtWZKcXrE=
-23,34,s8zUyQpoZ/zhCf4oPWB+vu5lidE=,kTwk/HIv2JXchaJkTNrtWZKcXrE=
-23,36,s8zUyQpoZ/zhCf4oPWB+vu5lidE=,kTwk/HIv2JXchaJkTNrtWZKcXrE=
-22,36,s8zUyQpoZ/zhCf4oPWB+vu5lidE=,kTwk/HIv2JXchaJkTNrtWZKcXrE=
-23,39,s8zUyQpoZ/zhCf4oPWB+vu5lidE=,kTwk/HIv2JXchaJkTNrtWZKcXrE=
-24,36,s8zUyQpoZ/zhCf4oPWB+vu5lidE=,kTwk/HIv2JXchaJkTNrtWZKcXrE=
-17,35,s8zUyQpoZ/zhCf4oPWB+vu5lidE=,kTwk/HIv2JXchaJkTNrtWZKcXrE=
-22,32,s8zUyQpoZ/zhCf4oPWB+vu5lidE=,kTwk/HIv2JXchaJkTNrtWZKcXrE=
-17,33,s8zUyQpoZ/zhCf4oPWB+vu5lidE=,kTwk/HIv2JXchaJkTNrtWZKcXrE=
-18,36,s8zUyQpoZ/zhCf4oPWB+vu5lidE=,kTwk/HIv2JXchaJkTNrtWZKcXrE=
-19,35,s8zUyQpoZ/zhCf4oPWB+vu5lidE=,kTwk/HIv2JXchaJkTNrtWZKcXrE=
-18,35,s8zUyQpoZ/zhCf4oPWB+vu5lidE=,kTwk/HIv2JXchaJkTNrtWZKcXrE=
-24,34,s8zUyQpoZ/zhCf4oPWB+vu5lidE=,kTwk/HIv2JXchaJkTNrtWZKcXrE=
-20,33,s8zUyQpoZ/zhCf4oPWB+vu5lidE=,kTwk/HIv2JXchaJkTNrtWZKcXrE=
-24,39,s8zUyQpoZ/zhCf4oPWB+vu5lidE=,kTwk/HIv2JXchaJkTNrtWZKcXrE=
-22,33,s8zUyQpoZ/zhCf4oPWB+vu5lidE=,kTwk/HIv2JXchaJkTNrtWZKcXrE=
-20,35,s8zUyQpoZ/zhCf4oPWB+vu5lidE=,kTwk/HIv2JXchaJkTNrtWZKcXrE=
-23,32,s8zUyQpoZ/zhCf4oPWB+vu5lidE=,kTwk/HIv2JXchaJkTNrtWZKcXrE=
-23,38,s8zUyQpoZ/zhCf4oPWB+vu5lidE=,kTwk/HIv2JXchaJkTNrtWZKcXrE=
-24,38,s8zUyQpoZ/zhCf4oPWB+vu5lidE=,kTwk/HIv2JXchaJkTNrtWZKcXrE=
-17,38,s8zUyQpoZ/zhCf4oPWB+vu5lidE=,kTwk/HIv2JXchaJkTNrtWZKcXrE=
-19,36,s8zUyQpoZ/zhCf4oPWB+vu5lidE=,kTwk/HIv2JXchaJkTNrtWZKcXrE=
-18,38,s8zUyQpoZ/zhCf4oPWB+vu5lidE=,kTwk/HIv2JXchaJkTNrtWZKcXrE=
-21,34,s8zUyQpoZ/zhCf4oPWB+vu5lidE=,kTwk/HIv2JXchaJkTNrtWZKcXrE=
-23,33,s8zUyQpoZ/zhCf4oPWB+vu5lidE=,kTwk/HIv2JXchaJkTNrtWZKcXrE=
-20,34,s8zUyQpoZ/zhCf4oPWB+vu5lidE=,kTwk/HIv2JXchaJkTNrtWZKcXrE=
-20,32,s8zUyQpoZ/zhCf4oPWB+vu5lidE=,kTwk/HIv2JXchaJkTNrtWZKcXrE=
-19,33,s8zUyQpoZ/zhCf4oPWB+vu5lidE=,kTwk/HIv2JXchaJkTNrtWZKcXrE=
-18,33,s8zUyQpoZ/zhCf4oPWB+vu5lidE=,kTwk/HIv2JXchaJkTNrtWZKcXrE=
-21,32,s8zUyQpoZ/zhCf4oPWB+vu5lidE=,kTwk/HIv2JXchaJkTNrtWZKcXrE=
-24,33,s8zUyQpoZ/zhCf4oPWB+vu5lidE=,kTwk/HIv2JXchaJkTNrtWZKcXrE=
-21,33,s8zUyQpoZ/zhCf4oPWB+vu5lidE=,kTwk/HIv2JXchaJkTNrtWZKcXrE=
-18,34,s8zUyQpoZ/zhCf4oPWB+vu5lidE=,kTwk/HIv2JXchaJkTNrtWZKcXrE=
-17,32,s8zUyQpoZ/zhCf4oPWB+vu5lidE=,kTwk/HIv2JXchaJkTNrtWZKcXrE=
-19,32,s8zUyQpoZ/zhCf4oPWB+vu5lidE=,kTwk/HIv2JXchaJkTNrtWZKcXrE=
-18,32,s8zUyQpoZ/zhCf4oPWB+vu5lidE=,kTwk/HIv2JXchaJkTNrtWZKcXrE=
-19,34,s8zUyQpoZ/zhCf4oPWB+vu5lidE=,kTwk/HIv2JXchaJkTNrtWZKcXrE=
-23,43,s8zUyQpoZ/zhCf4oPWB+vu5lidE=,Ex47AKgDVGxqSU15rkDgoLgJUkM=
-18,42,s8zUyQpoZ/zhCf4oPWB+vu5lidE=,Ex47AKgDVGxqSU15rkDgoLgJUkM=
-20,45,s8zUyQpoZ/zhCf4oPWB+vu5lidE=,Ex47AKgDVGxqSU15rkDgoLgJUkM=
-18,46,s8zUyQpoZ/zhCf4oPWB+vu5lidE=,Ex47AKgDVGxqSU15rkDgoLgJUkM=
-21,45,s8zUyQpoZ/zhCf4oPWB+vu5lidE=,Ex47AKgDVGxqSU15rkDgoLgJUkM=
-19,42,s8zUyQpoZ/zhCf4oPWB+vu5lidE=,Ex47AKgDVGxqSU15rkDgoLgJUkM=
-19,46,s8zUyQpoZ/zhCf4oPWB+vu5lidE=,Ex47AKgDVGxqSU15rkDgoLgJUkM=
-20,46,s8zUyQpoZ/zhCf4oPWB+vu5lidE=,Ex47AKgDVGxqSU15rkDgoLgJUkM=
-23,45,s8zUyQpoZ/zhCf4oPWB+vu5lidE=,Ex47AKgDVGxqSU15rkDgoLgJUkM=
-20,42,s8zUyQpoZ/zhCf4oPWB+vu5lidE=,Ex47AKgDVGxqSU15rkDgoLgJUkM=
-21,46,s8zUyQpoZ/zhCf4oPWB+vu5lidE=,Ex47AKgDVGxqSU15rkDgoLgJUkM=
-22,46,s8zUyQpoZ/zhCf4oPWB+vu5lidE=,Ex47AKgDVGxqSU15rkDgoLgJUkM=
-22,42,s8zUyQpoZ/zhCf4oPWB+vu5lidE=,Ex47AKgDVGxqSU15rkDgoLgJUkM=
-23,42,s8zUyQpoZ/zhCf4oPWB+vu5lidE=,Ex47AKgDVGxqSU15rkDgoLgJUkM=
-22,45,s8zUyQpoZ/zhCf4oPWB+vu5lidE=,Ex47AKgDVGxqSU15rkDgoLgJUkM=
-18,41,s8zUyQpoZ/zhCf4oPWB+vu5lidE=,Ex47AKgDVGxqSU15rkDgoLgJUkM=
-20,41,s8zUyQpoZ/zhCf4oPWB+vu5lidE=,Ex47AKgDVGxqSU15rkDgoLgJUkM=
-19,41,s8zUyQpoZ/zhCf4oPWB+vu5lidE=,Ex47AKgDVGxqSU15rkDgoLgJUkM=
-21,42,s8zUyQpoZ/zhCf4oPWB+vu5lidE=,Ex47AKgDVGxqSU15rkDgoLgJUkM=
-21,41,s8zUyQpoZ/zhCf4oPWB+vu5lidE=,Ex47AKgDVGxqSU15rkDgoLgJUkM=
-22,41,s8zUyQpoZ/zhCf4oPWB+vu5lidE=,Ex47AKgDVGxqSU15rkDgoLgJUkM=
-23,46,s8zUyQpoZ/zhCf4oPWB+vu5lidE=,Ex47AKgDVGxqSU15rkDgoLgJUkM=
-19,44,s8zUyQpoZ/zhCf4oPWB+vu5lidE=,Ex47AKgDVGxqSU15rkDgoLgJUkM=
-20,44,s8zUyQpoZ/zhCf4oPWB+vu5lidE=,Ex47AKgDVGxqSU15rkDgoLgJUkM=
-18,44,s8zUyQpoZ/zhCf4oPWB+vu5lidE=,Ex47AKgDVGxqSU15rkDgoLgJUkM=
-23,41,s8zUyQpoZ/zhCf4oPWB+vu5lidE=,Ex47AKgDVGxqSU15rkDgoLgJUkM=
-21,44,s8zUyQpoZ/zhCf4oPWB+vu5lidE=,Ex47AKgDVGxqSU15rkDgoLgJUkM=
-22,44,s8zUyQpoZ/zhCf4oPWB+vu5lidE=,Ex47AKgDVGxqSU15rkDgoLgJUkM=
-23,44,s8zUyQpoZ/zhCf4oPWB+vu5lidE=,Ex47AKgDVGxqSU15rkDgoLgJUkM=
-20,43,s8zUyQpoZ/zhCf4oPWB+vu5lidE=,Ex47AKgDVGxqSU15rkDgoLgJUkM=
-18,43,s8zUyQpoZ/zhCf4oPWB+vu5lidE=,Ex47AKgDVGxqSU15rkDgoLgJUkM=
-21,43,s8zUyQpoZ/zhCf4oPWB+vu5lidE=,Ex47AKgDVGxqSU15rkDgoLgJUkM=
-19,43,s8zUyQpoZ/zhCf4oPWB+vu5lidE=,Ex47AKgDVGxqSU15rkDgoLgJUkM=
-22,43,s8zUyQpoZ/zhCf4oPWB+vu5lidE=,Ex47AKgDVGxqSU15rkDgoLgJUkM=
-18,45,s8zUyQpoZ/zhCf4oPWB+vu5lidE=,Ex47AKgDVGxqSU15rkDgoLgJUkM=
-19,45,s8zUyQpoZ/zhCf4oPWB+vu5lidE=,Ex47AKgDVGxqSU15rkDgoLgJUkM=
-25,45,s8zUyQpoZ/zhCf4oPWB+vu5lidE=,SiymxuD+z9rwcMilX1Ou3c6rmrc=
-27,45,s8zUyQpoZ/zhCf4oPWB+vu5lidE=,SiymxuD+z9rwcMilX1Ou3c6rmrc=
-26,45,s8zUyQpoZ/zhCf4oPWB+vu5lidE=,SiymxuD+z9rwcMilX1Ou3c6rmrc=
-28,45,s8zUyQpoZ/zhCf4oPWB+vu5lidE=,SiymxuD+z9rwcMilX1Ou3c6rmrc=
-24,43,s8zUyQpoZ/zhCf4oPWB+vu5lidE=,Ex47AKgDVGxqSU15rkDgoLgJUkM=
-31,46,s8zUyQpoZ/zhCf4oPWB+vu5lidE=,SiymxuD+z9rwcMilX1Ou3c6rmrc=
-30,45,s8zUyQpoZ/zhCf4oPWB+vu5lidE=,SiymxuD+z9rwcMilX1Ou3c6rmrc=
-29,45,s8zUyQpoZ/zhCf4oPWB+vu5lidE=,SiymxuD+z9rwcMilX1Ou3c6rmrc=
-31,45,s8zUyQpoZ/zhCf4oPWB+vu5lidE=,SiymxuD+z9rwcMilX1Ou3c6rmrc=
-30,46,s8zUyQpoZ/zhCf4oPWB+vu5lidE=,SiymxuD+z9rwcMilX1Ou3c6rmrc=
-27,41,s8zUyQpoZ/zhCf4oPWB+vu5lidE=,SiymxuD+z9rwcMilX1Ou3c6rmrc=
-29,41,s8zUyQpoZ/zhCf4oPWB+vu5lidE=,SiymxuD+z9rwcMilX1Ou3c6rmrc=
-28,41,s8zUyQpoZ/zhCf4oPWB+vu5lidE=,SiymxuD+z9rwcMilX1Ou3c6rmrc=
-29,46,s8zUyQpoZ/zhCf4oPWB+vu5lidE=,SiymxuD+z9rwcMilX1Ou3c6rmrc=
-31,41,s8zUyQpoZ/zhCf4oPWB+vu5lidE=,SiymxuD+z9rwcMilX1Ou3c6rmrc=
-25,44,s8zUyQpoZ/zhCf4oPWB+vu5lidE=,SiymxuD+z9rwcMilX1Ou3c6rmrc=
-28,46,s8zUyQpoZ/zhCf4oPWB+vu5lidE=,SiymxuD+z9rwcMilX1Ou3c6rmrc=
-26,44,s8zUyQpoZ/zhCf4oPWB+vu5lidE=,SiymxuD+z9rwcMilX1Ou3c6rmrc=
-27,44,s8zUyQpoZ/zhCf4oPWB+vu5lidE=,SiymxuD+z9rwcMilX1Ou3c6rmrc=
-30,41,s8zUyQpoZ/zhCf4oPWB+vu5lidE=,SiymxuD+z9rwcMilX1Ou3c6rmrc=
-28,44,s8zUyQpoZ/zhCf4oPWB+vu5lidE=,SiymxuD+z9rwcMilX1Ou3c6rmrc=
-27,46,s8zUyQpoZ/zhCf4oPWB+vu5lidE=,SiymxuD+z9rwcMilX1Ou3c6rmrc=
-24,45,s8zUyQpoZ/zhCf4oPWB+vu5lidE=,Ex47AKgDVGxqSU15rkDgoLgJUkM=
-26,46,s8zUyQpoZ/zhCf4oPWB+vu5lidE=,SiymxuD+z9rwcMilX1Ou3c6rmrc=
-31,44,s8zUyQpoZ/zhCf4oPWB+vu5lidE=,SiymxuD+z9rwcMilX1Ou3c6rmrc=
-30,44,s8zUyQpoZ/zhCf4oPWB+vu5lidE=,SiymxuD+z9rwcMilX1Ou3c6rmrc=
-25,46,s8zUyQpoZ/zhCf4oPWB+vu5lidE=,SiymxuD+z9rwcMilX1Ou3c6rmrc=
-29,44,s8zUyQpoZ/zhCf4oPWB+vu5lidE=,SiymxuD+z9rwcMilX1Ou3c6rmrc=
-24,42,s8zUyQpoZ/zhCf4oPWB+vu5lidE=,Ex47AKgDVGxqSU15rkDgoLgJUkM=
-25,43,s8zUyQpoZ/zhCf4oPWB+vu5lidE=,SiymxuD+z9rwcMilX1Ou3c6rmrc=
-31,47,s8zUyQpoZ/zhCf4oPWB+vu5lidE=,SiymxuD+z9rwcMilX1Ou3c6rmrc=
-27,43,s8zUyQpoZ/zhCf4oPWB+vu5lidE=,SiymxuD+z9rwcMilX1Ou3c6rmrc=
-24,46,s8zUyQpoZ/zhCf4oPWB+vu5lidE=,Ex47AKgDVGxqSU15rkDgoLgJUkM=
-28,43,s8zUyQpoZ/zhCf4oPWB+vu5lidE=,SiymxuD+z9rwcMilX1Ou3c6rmrc=
-30,47,s8zUyQpoZ/zhCf4oPWB+vu5lidE=,SiymxuD+z9rwcMilX1Ou3c6rmrc=
-29,43,s8zUyQpoZ/zhCf4oPWB+vu5lidE=,SiymxuD+z9rwcMilX1Ou3c6rmrc=
-26,43,s8zUyQpoZ/zhCf4oPWB+vu5lidE=,SiymxuD+z9rwcMilX1Ou3c6rmrc=
-24,41,s8zUyQpoZ/zhCf4oPWB+vu5lidE=,Ex47AKgDVGxqSU15rkDgoLgJUkM=
-29,47,s8zUyQpoZ/zhCf4oPWB+vu5lidE=,SiymxuD+z9rwcMilX1Ou3c6rmrc=
-30,43,s8zUyQpoZ/zhCf4oPWB+vu5lidE=,SiymxuD+z9rwcMilX1Ou3c6rmrc=
-25,42,s8zUyQpoZ/zhCf4oPWB+vu5lidE=,SiymxuD+z9rwcMilX1Ou3c6rmrc=
-31,43,s8zUyQpoZ/zhCf4oPWB+vu5lidE=,SiymxuD+z9rwcMilX1Ou3c6rmrc=
-26,42,s8zUyQpoZ/zhCf4oPWB+vu5lidE=,SiymxuD+z9rwcMilX1Ou3c6rmrc=
-24,44,s8zUyQpoZ/zhCf4oPWB+vu5lidE=,Ex47AKgDVGxqSU15rkDgoLgJUkM=
-28,42,s8zUyQpoZ/zhCf4oPWB+vu5lidE=,SiymxuD+z9rwcMilX1Ou3c6rmrc=
-29,42,s8zUyQpoZ/zhCf4oPWB+vu5lidE=,SiymxuD+z9rwcMilX1Ou3c6rmrc=
-28,47,s8zUyQpoZ/zhCf4oPWB+vu5lidE=,SiymxuD+z9rwcMilX1Ou3c6rmrc=
-27,42,s8zUyQpoZ/zhCf4oPWB+vu5lidE=,SiymxuD+z9rwcMilX1Ou3c6rmrc=
-30,42,s8zUyQpoZ/zhCf4oPWB+vu5lidE=,SiymxuD+z9rwcMilX1Ou3c6rmrc=
-31,42,s8zUyQpoZ/zhCf4oPWB+vu5lidE=,SiymxuD+z9rwcMilX1Ou3c6rmrc=
-26,47,s8zUyQpoZ/zhCf4oPWB+vu5lidE=,SiymxuD+z9rwcMilX1Ou3c6rmrc=
-27,47,s8zUyQpoZ/zhCf4oPWB+vu5lidE=,SiymxuD+z9rwcMilX1Ou3c6rmrc=
-32,41,s8zUyQpoZ/zhCf4oPWB+vu5lidE=,SiymxuD+z9rwcMilX1Ou3c6rmrc=
-32,44,s8zUyQpoZ/zhCf4oPWB+vu5lidE=,SiymxuD+z9rwcMilX1Ou3c6rmrc=
-32,45,s8zUyQpoZ/zhCf4oPWB+vu5lidE=,SiymxuD+z9rwcMilX1Ou3c6rmrc=
-32,42,s8zUyQpoZ/zhCf4oPWB+vu5lidE=,SiymxuD+z9rwcMilX1Ou3c6rmrc=
-32,43,s8zUyQpoZ/zhCf4oPWB+vu5lidE=,SiymxuD+z9rwcMilX1Ou3c6rmrc=
-32,46,s8zUyQpoZ/zhCf4oPWB+vu5lidE=,SiymxuD+z9rwcMilX1Ou3c6rmrc=
-17,45,s8zUyQpoZ/zhCf4oPWB+vu5lidE=,Ex47AKgDVGxqSU15rkDgoLgJUkM=
-17,43,s8zUyQpoZ/zhCf4oPWB+vu5lidE=,Ex47AKgDVGxqSU15rkDgoLgJUkM=
-17,44,s8zUyQpoZ/zhCf4oPWB+vu5lidE=,Ex47AKgDVGxqSU15rkDgoLgJUkM=
-17,42,s8zUyQpoZ/zhCf4oPWB+vu5lidE=,Ex47AKgDVGxqSU15rkDgoLgJUkM=
-17,41,s8zUyQpoZ/zhCf4oPWB+vu5lidE=,Ex47AKgDVGxqSU15rkDgoLgJUkM=
-17,46,s8zUyQpoZ/zhCf4oPWB+vu5lidE=,Ex47AKgDVGxqSU15rkDgoLgJUkM=
-18,47,s8zUyQpoZ/zhCf4oPWB+vu5lidE=,Ex47AKgDVGxqSU15rkDgoLgJUkM=
-25,47,s8zUyQpoZ/zhCf4oPWB+vu5lidE=,SiymxuD+z9rwcMilX1Ou3c6rmrc=
-19,47,s8zUyQpoZ/zhCf4oPWB+vu5lidE=,Ex47AKgDVGxqSU15rkDgoLgJUkM=
-24,47,s8zUyQpoZ/zhCf4oPWB+vu5lidE=,Ex47AKgDVGxqSU15rkDgoLgJUkM=
-20,47,s8zUyQpoZ/zhCf4oPWB+vu5lidE=,Ex47AKgDVGxqSU15rkDgoLgJUkM=
-23,47,s8zUyQpoZ/zhCf4oPWB+vu5lidE=,Ex47AKgDVGxqSU15rkDgoLgJUkM=
-21,47,s8zUyQpoZ/zhCf4oPWB+vu5lidE=,Ex47AKgDVGxqSU15rkDgoLgJUkM=
-22,47,s8zUyQpoZ/zhCf4oPWB+vu5lidE=,Ex47AKgDVGxqSU15rkDgoLgJUkM=
-17,47,s8zUyQpoZ/zhCf4oPWB+vu5lidE=,Ex47AKgDVGxqSU15rkDgoLgJUkM=
-32,47,s8zUyQpoZ/zhCf4oPWB+vu5lidE=,SiymxuD+z9rwcMilX1Ou3c6rmrc=
-27,36,s8zUyQpoZ/zhCf4oPWB+vu5lidE=,ViUAFg3rIv+zgi5y9U85Ks9KmFI=
-32,33,s8zUyQpoZ/zhCf4oPWB+vu5lidE=,ViUAFg3rIv+zgi5y9U85Ks9KmFI=
-29,35,s8zUyQpoZ/zhCf4oPWB+vu5lidE=,ViUAFg3rIv+zgi5y9U85Ks9KmFI=
-31,40,s8zUyQpoZ/zhCf4oPWB+vu5lidE=,SiymxuD+z9rwcMilX1Ou3c6rmrc=
-29,40,s8zUyQpoZ/zhCf4oPWB+vu5lidE=,SiymxuD+z9rwcMilX1Ou3c6rmrc=
-26,39,s8zUyQpoZ/zhCf4oPWB+vu5lidE=,ViUAFg3rIv+zgi5y9U85Ks9KmFI=
-30,35,s8zUyQpoZ/zhCf4oPWB+vu5lidE=,ViUAFg3rIv+zgi5y9U85Ks9KmFI=
-29,39,s8zUyQpoZ/zhCf4oPWB+vu5lidE=,ViUAFg3rIv+zgi5y9U85Ks9KmFI=
-32,40,s8zUyQpoZ/zhCf4oPWB+vu5lidE=,SiymxuD+z9rwcMilX1Ou3c6rmrc=
-31,39,s8zUyQpoZ/zhCf4oPWB+vu5lidE=,ViUAFg3rIv+zgi5y9U85Ks9KmFI=
-26,38,s8zUyQpoZ/zhCf4oPWB+vu5lidE=,ViUAFg3rIv+zgi5y9U85Ks9KmFI=
-29,33,s8zUyQpoZ/zhCf4oPWB+vu5lidE=,ViUAFg3rIv+zgi5y9U85Ks9KmFI=
-27,34,s8zUyQpoZ/zhCf4oPWB+vu5lidE=,ViUAFg3rIv+zgi5y9U85Ks9KmFI=
-32,39,s8zUyQpoZ/zhCf4oPWB+vu5lidE=,ViUAFg3rIv+zgi5y9U85Ks9KmFI=
-29,38,s8zUyQpoZ/zhCf4oPWB+vu5lidE=,ViUAFg3rIv+zgi5y9U85Ks9KmFI=
-32,36,s8zUyQpoZ/zhCf4oPWB+vu5lidE=,ViUAFg3rIv+zgi5y9U85Ks9KmFI=
-28,36,s8zUyQpoZ/zhCf4oPWB+vu5lidE=,ViUAFg3rIv+zgi5y9U85Ks9KmFI=
-29,34,s8zUyQpoZ/zhCf4oPWB+vu5lidE=,ViUAFg3rIv+zgi5y9U85Ks9KmFI=
-30,40,s8zUyQpoZ/zhCf4oPWB+vu5lidE=,SiymxuD+z9rwcMilX1Ou3c6rmrc=
-31,32,s8zUyQpoZ/zhCf4oPWB+vu5lidE=,ViUAFg3rIv+zgi5y9U85Ks9KmFI=
-31,36,s8zUyQpoZ/zhCf4oPWB+vu5lidE=,ViUAFg3rIv+zgi5y9U85Ks9KmFI=
-29,36,s8zUyQpoZ/zhCf4oPWB+vu5lidE=,ViUAFg3rIv+zgi5y9U85Ks9KmFI=
-31,35,s8zUyQpoZ/zhCf4oPWB+vu5lidE=,ViUAFg3rIv+zgi5y9U85Ks9KmFI=
-30,39,s8zUyQpoZ/zhCf4oPWB+vu5lidE=,ViUAFg3rIv+zgi5y9U85Ks9KmFI=
-26,37,s8zUyQpoZ/zhCf4oPWB+vu5lidE=,ViUAFg3rIv+zgi5y9U85Ks9KmFI=
-27,37,s8zUyQpoZ/zhCf4oPWB+vu5lidE=,ViUAFg3rIv+zgi5y9U85Ks9KmFI=
-32,35,s8zUyQpoZ/zhCf4oPWB+vu5lidE=,ViUAFg3rIv+zgi5y9U85Ks9KmFI=
-31,34,s8zUyQpoZ/zhCf4oPWB+vu5lidE=,ViUAFg3rIv+zgi5y9U85Ks9KmFI=
-28,37,s8zUyQpoZ/zhCf4oPWB+vu5lidE=,ViUAFg3rIv+zgi5y9U85Ks9KmFI=
-31,38,s8zUyQpoZ/zhCf4oPWB+vu5lidE=,ViUAFg3rIv+zgi5y9U85Ks9KmFI=
-29,37,s8zUyQpoZ/zhCf4oPWB+vu5lidE=,ViUAFg3rIv+zgi5y9U85Ks9KmFI=
-32,38,s8zUyQpoZ/zhCf4oPWB+vu5lidE=,ViUAFg3rIv+zgi5y9U85Ks9KmFI=
-32,32,s8zUyQpoZ/zhCf4oPWB+vu5lidE=,ViUAFg3rIv+zgi5y9U85Ks9KmFI=
-30,34,s8zUyQpoZ/zhCf4oPWB+vu5lidE=,ViUAFg3rIv+zgi5y9U85Ks9KmFI=
-30,36,s8zUyQpoZ/zhCf4oPWB+vu5lidE=,ViUAFg3rIv+zgi5y9U85Ks9KmFI=
-30,32,s8zUyQpoZ/zhCf4oPWB+vu5lidE=,ViUAFg3rIv+zgi5y9U85Ks9KmFI=
-30,37,s8zUyQpoZ/zhCf4oPWB+vu5lidE=,ViUAFg3rIv+zgi5y9U85Ks9KmFI=
-32,37,s8zUyQpoZ/zhCf4oPWB+vu5lidE=,ViUAFg3rIv+zgi5y9U85Ks9KmFI=
-32,34,s8zUyQpoZ/zhCf4oPWB+vu5lidE=,ViUAFg3rIv+zgi5y9U85Ks9KmFI=
-30,33,s8zUyQpoZ/zhCf4oPWB+vu5lidE=,ViUAFg3rIv+zgi5y9U85Ks9KmFI=
-29,32,s8zUyQpoZ/zhCf4oPWB+vu5lidE=,ViUAFg3rIv+zgi5y9U85Ks9KmFI=
-31,33,s8zUyQpoZ/zhCf4oPWB+vu5lidE=,ViUAFg3rIv+zgi5y9U85Ks9KmFI=
-31,37,s8zUyQpoZ/zhCf4oPWB+vu5lidE=,ViUAFg3rIv+zgi5y9U85Ks9KmFI=
-30,38,s8zUyQpoZ/zhCf4oPWB+vu5lidE=,ViUAFg3rIv+zgi5y9U85Ks9KmFI=
-25,32,s8zUyQpoZ/zhCf4oPWB+vu5lidE=,ViUAFg3rIv+zgi5y9U85Ks9KmFI=
-17,40,s8zUyQpoZ/zhCf4oPWB+vu5lidE=,Ex47AKgDVGxqSU15rkDgoLgJUkM=
-19,40,s8zUyQpoZ/zhCf4oPWB+vu5lidE=,Ex47AKgDVGxqSU15rkDgoLgJUkM=
-18,40,s8zUyQpoZ/zhCf4oPWB+vu5lidE=,Ex47AKgDVGxqSU15rkDgoLgJUkM=
-25,38,s8zUyQpoZ/zhCf4oPWB+vu5lidE=,ViUAFg3rIv+zgi5y9U85Ks9KmFI=
-20,40,s8zUyQpoZ/zhCf4oPWB+vu5lidE=,Ex47AKgDVGxqSU15rkDgoLgJUkM=
-22,40,s8zUyQpoZ/zhCf4oPWB+vu5lidE=,Ex47AKgDVGxqSU15rkDgoLgJUkM=
-21,40,s8zUyQpoZ/zhCf4oPWB+vu5lidE=,Ex47AKgDVGxqSU15rkDgoLgJUkM=
-23,40,s8zUyQpoZ/zhCf4oPWB+vu5lidE=,Ex47AKgDVGxqSU15rkDgoLgJUkM=
-26,40,s8zUyQpoZ/zhCf4oPWB+vu5lidE=,SiymxuD+z9rwcMilX1Ou3c6rmrc=
-25,41,s8zUyQpoZ/zhCf4oPWB+vu5lidE=,SiymxuD+z9rwcMilX1Ou3c6rmrc=
-24,40,s8zUyQpoZ/zhCf4oPWB+vu5lidE=,Ex47AKgDVGxqSU15rkDgoLgJUkM=
-28,40,s8zUyQpoZ/zhCf4oPWB+vu5lidE=,SiymxuD+z9rwcMilX1Ou3c6rmrc=
-26,41,s8zUyQpoZ/zhCf4oPWB+vu5lidE=,SiymxuD+z9rwcMilX1Ou3c6rmrc=
-28,35,s8zUyQpoZ/zhCf4oPWB+vu5lidE=,ViUAFg3rIv+zgi5y9U85Ks9KmFI=
-27,40,s8zUyQpoZ/zhCf4oPWB+vu5lidE=,SiymxuD+z9rwcMilX1Ou3c6rmrc=
-26,35,s8zUyQpoZ/zhCf4oPWB+vu5lidE=,ViUAFg3rIv+zgi5y9U85Ks9KmFI=
-27,39,s8zUyQpoZ/zhCf4oPWB+vu5lidE=,ViUAFg3rIv+zgi5y9U85Ks9KmFI=
-27,35,s8zUyQpoZ/zhCf4oPWB+vu5lidE=,ViUAFg3rIv+zgi5y9U85Ks9KmFI=
-28,33,s8zUyQpoZ/zhCf4oPWB+vu5lidE=,ViUAFg3rIv+zgi5y9U85Ks9KmFI=
-26,36,s8zUyQpoZ/zhCf4oPWB+vu5lidE=,ViUAFg3rIv+zgi5y9U85Ks9KmFI=
-26,33,s8zUyQpoZ/zhCf4oPWB+vu5lidE=,ViUAFg3rIv+zgi5y9U85Ks9KmFI=
-28,38,s8zUyQpoZ/zhCf4oPWB+vu5lidE=,ViUAFg3rIv+zgi5y9U85Ks9KmFI=
-27,38,s8zUyQpoZ/zhCf4oPWB+vu5lidE=,ViUAFg3rIv+zgi5y9U85Ks9KmFI=
-27,33,s8zUyQpoZ/zhCf4oPWB+vu5lidE=,ViUAFg3rIv+zgi5y9U85Ks9KmFI=
-25,40,s8zUyQpoZ/zhCf4oPWB+vu5lidE=,SiymxuD+z9rwcMilX1Ou3c6rmrc=
-28,39,s8zUyQpoZ/zhCf4oPWB+vu5lidE=,ViUAFg3rIv+zgi5y9U85Ks9KmFI=
-26,32,s8zUyQpoZ/zhCf4oPWB+vu5lidE=,ViUAFg3rIv+zgi5y9U85Ks9KmFI=
-28,34,s8zUyQpoZ/zhCf4oPWB+vu5lidE=,ViUAFg3rIv+zgi5y9U85Ks9KmFI=
-25,36,s8zUyQpoZ/zhCf4oPWB+vu5lidE=,ViUAFg3rIv+zgi5y9U85Ks9KmFI=
-27,32,s8zUyQpoZ/zhCf4oPWB+vu5lidE=,ViUAFg3rIv+zgi5y9U85Ks9KmFI=
-26,34,s8zUyQpoZ/zhCf4oPWB+vu5lidE=,ViUAFg3rIv+zgi5y9U85Ks9KmFI=
-28,32,s8zUyQpoZ/zhCf4oPWB+vu5lidE=,ViUAFg3rIv+zgi5y9U85Ks9KmFI=
-25,35,s8zUyQpoZ/zhCf4oPWB+vu5lidE=,ViUAFg3rIv+zgi5y9U85Ks9KmFI=
-25,33,s8zUyQpoZ/zhCf4oPWB+vu5lidE=,ViUAFg3rIv+zgi5y9U85Ks9KmFI=
-25,39,s8zUyQpoZ/zhCf4oPWB+vu5lidE=,ViUAFg3rIv+zgi5y9U85Ks9KmFI=
-25,34,s8zUyQpoZ/zhCf4oPWB+vu5lidE=,ViUAFg3rIv+zgi5y9U85Ks9KmFI=
-25,37,s8zUyQpoZ/zhCf4oPWB+vu5lidE=,ViUAFg3rIv+zgi5y9U85Ks9KmFI=
-10,61,JQN4rpT/mK/m5n7ZsN6zGQe4eqw=,qOByzzwWiMHZJLEDoV7lYlu57vA=
-15,62,JQN4rpT/mK/m5n7ZsN6zGQe4eqw=,qOByzzwWiMHZJLEDoV7lYlu57vA=
-14,61,JQN4rpT/mK/m5n7ZsN6zGQe4eqw=,qOByzzwWiMHZJLEDoV7lYlu57vA=
-12,61,JQN4rpT/mK/m5n7ZsN6zGQe4eqw=,qOByzzwWiMHZJLEDoV7lYlu57vA=
-11,61,JQN4rpT/mK/m5n7ZsN6zGQe4eqw=,qOByzzwWiMHZJLEDoV7lYlu57vA=
-15,61,JQN4rpT/mK/m5n7ZsN6zGQe4eqw=,qOByzzwWiMHZJLEDoV7lYlu57vA=
-13,61,JQN4rpT/mK/m5n7ZsN6zGQe4eqw=,qOByzzwWiMHZJLEDoV7lYlu57vA=
-10,60,JQN4rpT/mK/m5n7ZsN6zGQe4eqw=,qOByzzwWiMHZJLEDoV7lYlu57vA=
-11,60,JQN4rpT/mK/m5n7ZsN6zGQe4eqw=,qOByzzwWiMHZJLEDoV7lYlu57vA=
-12,60,JQN4rpT/mK/m5n7ZsN6zGQe4eqw=,qOByzzwWiMHZJLEDoV7lYlu57vA=
-15,60,JQN4rpT/mK/m5n7ZsN6zGQe4eqw=,qOByzzwWiMHZJLEDoV7lYlu57vA=
-13,60,JQN4rpT/mK/m5n7ZsN6zGQe4eqw=,qOByzzwWiMHZJLEDoV7lYlu57vA=
-10,59,JQN4rpT/mK/m5n7ZsN6zGQe4eqw=,qOByzzwWiMHZJLEDoV7lYlu57vA=
-12,59,JQN4rpT/mK/m5n7ZsN6zGQe4eqw=,qOByzzwWiMHZJLEDoV7lYlu57vA=
-11,59,JQN4rpT/mK/m5n7ZsN6zGQe4eqw=,qOByzzwWiMHZJLEDoV7lYlu57vA=
-14,60,JQN4rpT/mK/m5n7ZsN6zGQe4eqw=,qOByzzwWiMHZJLEDoV7lYlu57vA=
-14,59,JQN4rpT/mK/m5n7ZsN6zGQe4eqw=,qOByzzwWiMHZJLEDoV7lYlu57vA=
-15,59,JQN4rpT/mK/m5n7ZsN6zGQe4eqw=,qOByzzwWiMHZJLEDoV7lYlu57vA=
-10,58,JQN4rpT/mK/m5n7ZsN6zGQe4eqw=,qOByzzwWiMHZJLEDoV7lYlu57vA=
-13,59,JQN4rpT/mK/m5n7ZsN6zGQe4eqw=,qOByzzwWiMHZJLEDoV7lYlu57vA=
-12,58,JQN4rpT/mK/m5n7ZsN6zGQe4eqw=,qOByzzwWiMHZJLEDoV7lYlu57vA=
-11,58,JQN4rpT/mK/m5n7ZsN6zGQe4eqw=,qOByzzwWiMHZJLEDoV7lYlu57vA=
-13,58,JQN4rpT/mK/m5n7ZsN6zGQe4eqw=,qOByzzwWiMHZJLEDoV7lYlu57vA=
-14,58,JQN4rpT/mK/m5n7ZsN6zGQe4eqw=,qOByzzwWiMHZJLEDoV7lYlu57vA=
-15,58,JQN4rpT/mK/m5n7ZsN6zGQe4eqw=,qOByzzwWiMHZJLEDoV7lYlu57vA=
-11,57,JQN4rpT/mK/m5n7ZsN6zGQe4eqw=,qOByzzwWiMHZJLEDoV7lYlu57vA=
-12,57,JQN4rpT/mK/m5n7ZsN6zGQe4eqw=,qOByzzwWiMHZJLEDoV7lYlu57vA=
-13,57,JQN4rpT/mK/m5n7ZsN6zGQe4eqw=,qOByzzwWiMHZJLEDoV7lYlu57vA=
-15,57,JQN4rpT/mK/m5n7ZsN6zGQe4eqw=,qOByzzwWiMHZJLEDoV7lYlu57vA=
-14,57,JQN4rpT/mK/m5n7ZsN6zGQe4eqw=,qOByzzwWiMHZJLEDoV7lYlu57vA=
-10,62,JQN4rpT/mK/m5n7ZsN6zGQe4eqw=,qOByzzwWiMHZJLEDoV7lYlu57vA=
-11,62,JQN4rpT/mK/m5n7ZsN6zGQe4eqw=,qOByzzwWiMHZJLEDoV7lYlu57vA=
-13,62,JQN4rpT/mK/m5n7ZsN6zGQe4eqw=,qOByzzwWiMHZJLEDoV7lYlu57vA=
-12,62,JQN4rpT/mK/m5n7ZsN6zGQe4eqw=,qOByzzwWiMHZJLEDoV7lYlu57vA=
-10,57,JQN4rpT/mK/m5n7ZsN6zGQe4eqw=,qOByzzwWiMHZJLEDoV7lYlu57vA=
-14,62,JQN4rpT/mK/m5n7ZsN6zGQe4eqw=,qOByzzwWiMHZJLEDoV7lYlu57vA=
-16,61,JQN4rpT/mK/m5n7ZsN6zGQe4eqw=,qOByzzwWiMHZJLEDoV7lYlu57vA=
-16,60,JQN4rpT/mK/m5n7ZsN6zGQe4eqw=,qOByzzwWiMHZJLEDoV7lYlu57vA=
-16,62,JQN4rpT/mK/m5n7ZsN6zGQe4eqw=,qOByzzwWiMHZJLEDoV7lYlu57vA=
-16,59,JQN4rpT/mK/m5n7ZsN6zGQe4eqw=,qOByzzwWiMHZJLEDoV7lYlu57vA=
-16,57,JQN4rpT/mK/m5n7ZsN6zGQe4eqw=,qOByzzwWiMHZJLEDoV7lYlu57vA=
-15,63,JQN4rpT/mK/m5n7ZsN6zGQe4eqw=,qOByzzwWiMHZJLEDoV7lYlu57vA=
-11,63,JQN4rpT/mK/m5n7ZsN6zGQe4eqw=,qOByzzwWiMHZJLEDoV7lYlu57vA=
-14,63,JQN4rpT/mK/m5n7ZsN6zGQe4eqw=,qOByzzwWiMHZJLEDoV7lYlu57vA=
-10,63,JQN4rpT/mK/m5n7ZsN6zGQe4eqw=,qOByzzwWiMHZJLEDoV7lYlu57vA=
-13,63,JQN4rpT/mK/m5n7ZsN6zGQe4eqw=,qOByzzwWiMHZJLEDoV7lYlu57vA=
-12,63,JQN4rpT/mK/m5n7ZsN6zGQe4eqw=,qOByzzwWiMHZJLEDoV7lYlu57vA=
-16,58,JQN4rpT/mK/m5n7ZsN6zGQe4eqw=,qOByzzwWiMHZJLEDoV7lYlu57vA=
-16,63,JQN4rpT/mK/m5n7ZsN6zGQe4eqw=,qOByzzwWiMHZJLEDoV7lYlu57vA=
-1,58,JQN4rpT/mK/m5n7ZsN6zGQe4eqw=,1f5oVhiqoYRxJRpnhiTceKgMwu8=
-2,58,JQN4rpT/mK/m5n7ZsN6zGQe4eqw=,1f5oVhiqoYRxJRpnhiTceKgMwu8=
-2,63,JQN4rpT/mK/m5n7ZsN6zGQe4eqw=,1f5oVhiqoYRxJRpnhiTceKgMwu8=
-3,58,JQN4rpT/mK/m5n7ZsN6zGQe4eqw=,1f5oVhiqoYRxJRpnhiTceKgMwu8=
-3,63,JQN4rpT/mK/m5n7ZsN6zGQe4eqw=,1f5oVhiqoYRxJRpnhiTceKgMwu8=
-4,63,JQN4rpT/mK/m5n7ZsN6zGQe4eqw=,1f5oVhiqoYRxJRpnhiTceKgMwu8=
-6,59,JQN4rpT/mK/m5n7ZsN6zGQe4eqw=,1f5oVhiqoYRxJRpnhiTceKgMwu8=
-6,63,JQN4rpT/mK/m5n7ZsN6zGQe4eqw=,1f5oVhiqoYRxJRpnhiTceKgMwu8=
-5,63,JQN4rpT/mK/m5n7ZsN6zGQe4eqw=,1f5oVhiqoYRxJRpnhiTceKgMwu8=
-5,59,JQN4rpT/mK/m5n7ZsN6zGQe4eqw=,1f5oVhiqoYRxJRpnhiTceKgMwu8=
-1,63,JQN4rpT/mK/m5n7ZsN6zGQe4eqw=,1f5oVhiqoYRxJRpnhiTceKgMwu8=
-9,62,JQN4rpT/mK/m5n7ZsN6zGQe4eqw=,qOByzzwWiMHZJLEDoV7lYlu57vA=
-4,58,JQN4rpT/mK/m5n7ZsN6zGQe4eqw=,1f5oVhiqoYRxJRpnhiTceKgMwu8=
-7,63,JQN4rpT/mK/m5n7ZsN6zGQe4eqw=,1f5oVhiqoYRxJRpnhiTceKgMwu8=
-1,62,JQN4rpT/mK/m5n7ZsN6zGQe4eqw=,1f5oVhiqoYRxJRpnhiTceKgMwu8=
-5,58,JQN4rpT/mK/m5n7ZsN6zGQe4eqw=,1f5oVhiqoYRxJRpnhiTceKgMwu8=
-2,62,JQN4rpT/mK/m5n7ZsN6zGQe4eqw=,1f5oVhiqoYRxJRpnhiTceKgMwu8=
-9,59,JQN4rpT/mK/m5n7ZsN6zGQe4eqw=,qOByzzwWiMHZJLEDoV7lYlu57vA=
-3,62,JQN4rpT/mK/m5n7ZsN6zGQe4eqw=,1f5oVhiqoYRxJRpnhiTceKgMwu8=
-8,63,JQN4rpT/mK/m5n7ZsN6zGQe4eqw=,1f5oVhiqoYRxJRpnhiTceKgMwu8=
-4,62,JQN4rpT/mK/m5n7ZsN6zGQe4eqw=,1f5oVhiqoYRxJRpnhiTceKgMwu8=
-5,62,JQN4rpT/mK/m5n7ZsN6zGQe4eqw=,1f5oVhiqoYRxJRpnhiTceKgMwu8=
-4,59,JQN4rpT/mK/m5n7ZsN6zGQe4eqw=,1f5oVhiqoYRxJRpnhiTceKgMwu8=
-6,58,JQN4rpT/mK/m5n7ZsN6zGQe4eqw=,1f5oVhiqoYRxJRpnhiTceKgMwu8=
-7,58,JQN4rpT/mK/m5n7ZsN6zGQe4eqw=,1f5oVhiqoYRxJRpnhiTceKgMwu8=
-7,62,JQN4rpT/mK/m5n7ZsN6zGQe4eqw=,1f5oVhiqoYRxJRpnhiTceKgMwu8=
-6,62,JQN4rpT/mK/m5n7ZsN6zGQe4eqw=,1f5oVhiqoYRxJRpnhiTceKgMwu8=
-8,62,JQN4rpT/mK/m5n7ZsN6zGQe4eqw=,1f5oVhiqoYRxJRpnhiTceKgMwu8=
-3,59,JQN4rpT/mK/m5n7ZsN6zGQe4eqw=,1f5oVhiqoYRxJRpnhiTceKgMwu8=
-1,61,JQN4rpT/mK/m5n7ZsN6zGQe4eqw=,1f5oVhiqoYRxJRpnhiTceKgMwu8=
-9,57,JQN4rpT/mK/m5n7ZsN6zGQe4eqw=,qOByzzwWiMHZJLEDoV7lYlu57vA=
-2,61,JQN4rpT/mK/m5n7ZsN6zGQe4eqw=,1f5oVhiqoYRxJRpnhiTceKgMwu8=
-1,57,JQN4rpT/mK/m5n7ZsN6zGQe4eqw=,1f5oVhiqoYRxJRpnhiTceKgMwu8=
-3,61,JQN4rpT/mK/m5n7ZsN6zGQe4eqw=,1f5oVhiqoYRxJRpnhiTceKgMwu8=
-2,59,JQN4rpT/mK/m5n7ZsN6zGQe4eqw=,1f5oVhiqoYRxJRpnhiTceKgMwu8=
-2,57,JQN4rpT/mK/m5n7ZsN6zGQe4eqw=,1f5oVhiqoYRxJRpnhiTceKgMwu8=
-3,57,JQN4rpT/mK/m5n7ZsN6zGQe4eqw=,1f5oVhiqoYRxJRpnhiTceKgMwu8=
-1,59,JQN4rpT/mK/m5n7ZsN6zGQe4eqw=,1f5oVhiqoYRxJRpnhiTceKgMwu8=
-4,61,JQN4rpT/mK/m5n7ZsN6zGQe4eqw=,1f5oVhiqoYRxJRpnhiTceKgMwu8=
-4,57,JQN4rpT/mK/m5n7ZsN6zGQe4eqw=,1f5oVhiqoYRxJRpnhiTceKgMwu8=
-5,57,JQN4rpT/mK/m5n7ZsN6zGQe4eqw=,1f5oVhiqoYRxJRpnhiTceKgMwu8=
-6,57,JQN4rpT/mK/m5n7ZsN6zGQe4eqw=,1f5oVhiqoYRxJRpnhiTceKgMwu8=
-5,61,JQN4rpT/mK/m5n7ZsN6zGQe4eqw=,1f5oVhiqoYRxJRpnhiTceKgMwu8=
-6,61,JQN4rpT/mK/m5n7ZsN6zGQe4eqw=,1f5oVhiqoYRxJRpnhiTceKgMwu8=
-1,60,JQN4rpT/mK/m5n7ZsN6zGQe4eqw=,1f5oVhiqoYRxJRpnhiTceKgMwu8=
-2,60,JQN4rpT/mK/m5n7ZsN6zGQe4eqw=,1f5oVhiqoYRxJRpnhiTceKgMwu8=
-3,60,JQN4rpT/mK/m5n7ZsN6zGQe4eqw=,1f5oVhiqoYRxJRpnhiTceKgMwu8=
-4,60,JQN4rpT/mK/m5n7ZsN6zGQe4eqw=,1f5oVhiqoYRxJRpnhiTceKgMwu8=
-5,60,JQN4rpT/mK/m5n7ZsN6zGQe4eqw=,1f5oVhiqoYRxJRpnhiTceKgMwu8=
-6,60,JQN4rpT/mK/m5n7ZsN6zGQe4eqw=,1f5oVhiqoYRxJRpnhiTceKgMwu8=
-9,63,JQN4rpT/mK/m5n7ZsN6zGQe4eqw=,qOByzzwWiMHZJLEDoV7lYlu57vA=
-9,61,JQN4rpT/mK/m5n7ZsN6zGQe4eqw=,qOByzzwWiMHZJLEDoV7lYlu57vA=
-7,61,JQN4rpT/mK/m5n7ZsN6zGQe4eqw=,1f5oVhiqoYRxJRpnhiTceKgMwu8=
-9,60,JQN4rpT/mK/m5n7ZsN6zGQe4eqw=,qOByzzwWiMHZJLEDoV7lYlu57vA=
-7,60,JQN4rpT/mK/m5n7ZsN6zGQe4eqw=,1f5oVhiqoYRxJRpnhiTceKgMwu8=
-8,60,JQN4rpT/mK/m5n7ZsN6zGQe4eqw=,1f5oVhiqoYRxJRpnhiTceKgMwu8=
-8,61,JQN4rpT/mK/m5n7ZsN6zGQe4eqw=,1f5oVhiqoYRxJRpnhiTceKgMwu8=
-13,54,JQN4rpT/mK/m5n7ZsN6zGQe4eqw=,T0/DjDtgEbg3bUKIntsuW8lxGlQ=
-13,55,JQN4rpT/mK/m5n7ZsN6zGQe4eqw=,T0/DjDtgEbg3bUKIntsuW8lxGlQ=
-14,54,JQN4rpT/mK/m5n7ZsN6zGQe4eqw=,T0/DjDtgEbg3bUKIntsuW8lxGlQ=
-14,53,JQN4rpT/mK/m5n7ZsN6zGQe4eqw=,T0/DjDtgEbg3bUKIntsuW8lxGlQ=
-14,55,JQN4rpT/mK/m5n7ZsN6zGQe4eqw=,T0/DjDtgEbg3bUKIntsuW8lxGlQ=
-12,55,JQN4rpT/mK/m5n7ZsN6zGQe4eqw=,T0/DjDtgEbg3bUKIntsuW8lxGlQ=
-15,53,JQN4rpT/mK/m5n7ZsN6zGQe4eqw=,T0/DjDtgEbg3bUKIntsuW8lxGlQ=
-15,55,JQN4rpT/mK/m5n7ZsN6zGQe4eqw=,T0/DjDtgEbg3bUKIntsuW8lxGlQ=
-11,55,JQN4rpT/mK/m5n7ZsN6zGQe4eqw=,T0/DjDtgEbg3bUKIntsuW8lxGlQ=
-16,55,JQN4rpT/mK/m5n7ZsN6zGQe4eqw=,T0/DjDtgEbg3bUKIntsuW8lxGlQ=
-10,55,JQN4rpT/mK/m5n7ZsN6zGQe4eqw=,T0/DjDtgEbg3bUKIntsuW8lxGlQ=
-16,53,JQN4rpT/mK/m5n7ZsN6zGQe4eqw=,T0/DjDtgEbg3bUKIntsuW8lxGlQ=
-10,54,JQN4rpT/mK/m5n7ZsN6zGQe4eqw=,T0/DjDtgEbg3bUKIntsuW8lxGlQ=
-13,53,JQN4rpT/mK/m5n7ZsN6zGQe4eqw=,T0/DjDtgEbg3bUKIntsuW8lxGlQ=
-11,54,JQN4rpT/mK/m5n7ZsN6zGQe4eqw=,T0/DjDtgEbg3bUKIntsuW8lxGlQ=
-15,52,JQN4rpT/mK/m5n7ZsN6zGQe4eqw=,T0/DjDtgEbg3bUKIntsuW8lxGlQ=
-16,48,JQN4rpT/mK/m5n7ZsN6zGQe4eqw=,T0/DjDtgEbg3bUKIntsuW8lxGlQ=
-12,49,JQN4rpT/mK/m5n7ZsN6zGQe4eqw=,T0/DjDtgEbg3bUKIntsuW8lxGlQ=
-13,48,JQN4rpT/mK/m5n7ZsN6zGQe4eqw=,T0/DjDtgEbg3bUKIntsuW8lxGlQ=
-15,54,JQN4rpT/mK/m5n7ZsN6zGQe4eqw=,T0/DjDtgEbg3bUKIntsuW8lxGlQ=
-16,50,JQN4rpT/mK/m5n7ZsN6zGQe4eqw=,T0/DjDtgEbg3bUKIntsuW8lxGlQ=
-11,52,JQN4rpT/mK/m5n7ZsN6zGQe4eqw=,T0/DjDtgEbg3bUKIntsuW8lxGlQ=
-13,52,JQN4rpT/mK/m5n7ZsN6zGQe4eqw=,T0/DjDtgEbg3bUKIntsuW8lxGlQ=
-16,51,JQN4rpT/mK/m5n7ZsN6zGQe4eqw=,T0/DjDtgEbg3bUKIntsuW8lxGlQ=
-12,52,JQN4rpT/mK/m5n7ZsN6zGQe4eqw=,T0/DjDtgEbg3bUKIntsuW8lxGlQ=
-14,52,JQN4rpT/mK/m5n7ZsN6zGQe4eqw=,T0/DjDtgEbg3bUKIntsuW8lxGlQ=
-16,52,JQN4rpT/mK/m5n7ZsN6zGQe4eqw=,T0/DjDtgEbg3bUKIntsuW8lxGlQ=
-13,49,JQN4rpT/mK/m5n7ZsN6zGQe4eqw=,T0/DjDtgEbg3bUKIntsuW8lxGlQ=
-16,54,JQN4rpT/mK/m5n7ZsN6zGQe4eqw=,T0/DjDtgEbg3bUKIntsuW8lxGlQ=
-12,54,JQN4rpT/mK/m5n7ZsN6zGQe4eqw=,T0/DjDtgEbg3bUKIntsuW8lxGlQ=
-16,49,JQN4rpT/mK/m5n7ZsN6zGQe4eqw=,T0/DjDtgEbg3bUKIntsuW8lxGlQ=
-12,53,JQN4rpT/mK/m5n7ZsN6zGQe4eqw=,T0/DjDtgEbg3bUKIntsuW8lxGlQ=
-12,48,JQN4rpT/mK/m5n7ZsN6zGQe4eqw=,T0/DjDtgEbg3bUKIntsuW8lxGlQ=
-12,51,JQN4rpT/mK/m5n7ZsN6zGQe4eqw=,T0/DjDtgEbg3bUKIntsuW8lxGlQ=
-13,51,JQN4rpT/mK/m5n7ZsN6zGQe4eqw=,T0/DjDtgEbg3bUKIntsuW8lxGlQ=
-11,53,JQN4rpT/mK/m5n7ZsN6zGQe4eqw=,T0/DjDtgEbg3bUKIntsuW8lxGlQ=
-14,51,JQN4rpT/mK/m5n7ZsN6zGQe4eqw=,T0/DjDtgEbg3bUKIntsuW8lxGlQ=
-15,51,JQN4rpT/mK/m5n7ZsN6zGQe4eqw=,T0/DjDtgEbg3bUKIntsuW8lxGlQ=
-15,48,JQN4rpT/mK/m5n7ZsN6zGQe4eqw=,T0/DjDtgEbg3bUKIntsuW8lxGlQ=
-14,48,JQN4rpT/mK/m5n7ZsN6zGQe4eqw=,T0/DjDtgEbg3bUKIntsuW8lxGlQ=
-13,50,JQN4rpT/mK/m5n7ZsN6zGQe4eqw=,T0/DjDtgEbg3bUKIntsuW8lxGlQ=
-12,50,JQN4rpT/mK/m5n7ZsN6zGQe4eqw=,T0/DjDtgEbg3bUKIntsuW8lxGlQ=
-14,50,JQN4rpT/mK/m5n7ZsN6zGQe4eqw=,T0/DjDtgEbg3bUKIntsuW8lxGlQ=
-15,49,JQN4rpT/mK/m5n7ZsN6zGQe4eqw=,T0/DjDtgEbg3bUKIntsuW8lxGlQ=
-10,56,JQN4rpT/mK/m5n7ZsN6zGQe4eqw=,qOByzzwWiMHZJLEDoV7lYlu57vA=
-11,56,JQN4rpT/mK/m5n7ZsN6zGQe4eqw=,qOByzzwWiMHZJLEDoV7lYlu57vA=
-14,49,JQN4rpT/mK/m5n7ZsN6zGQe4eqw=,T0/DjDtgEbg3bUKIntsuW8lxGlQ=
-16,56,JQN4rpT/mK/m5n7ZsN6zGQe4eqw=,qOByzzwWiMHZJLEDoV7lYlu57vA=
-13,56,JQN4rpT/mK/m5n7ZsN6zGQe4eqw=,qOByzzwWiMHZJLEDoV7lYlu57vA=
-12,56,JQN4rpT/mK/m5n7ZsN6zGQe4eqw=,qOByzzwWiMHZJLEDoV7lYlu57vA=
-14,56,JQN4rpT/mK/m5n7ZsN6zGQe4eqw=,qOByzzwWiMHZJLEDoV7lYlu57vA=
-15,50,JQN4rpT/mK/m5n7ZsN6zGQe4eqw=,T0/DjDtgEbg3bUKIntsuW8lxGlQ=
-15,56,JQN4rpT/mK/m5n7ZsN6zGQe4eqw=,qOByzzwWiMHZJLEDoV7lYlu57vA=
-5,55,JQN4rpT/mK/m5n7ZsN6zGQe4eqw=,kqw6EDHOSoCfclSAoMv0f+0OKhA=
-1,48,JQN4rpT/mK/m5n7ZsN6zGQe4eqw=,kqw6EDHOSoCfclSAoMv0f+0OKhA=
-2,48,JQN4rpT/mK/m5n7ZsN6zGQe4eqw=,kqw6EDHOSoCfclSAoMv0f+0OKhA=
-4,55,JQN4rpT/mK/m5n7ZsN6zGQe4eqw=,kqw6EDHOSoCfclSAoMv0f+0OKhA=
-1,54,JQN4rpT/mK/m5n7ZsN6zGQe4eqw=,kqw6EDHOSoCfclSAoMv0f+0OKhA=
-2,54,JQN4rpT/mK/m5n7ZsN6zGQe4eqw=,kqw6EDHOSoCfclSAoMv0f+0OKhA=
-3,55,JQN4rpT/mK/m5n7ZsN6zGQe4eqw=,kqw6EDHOSoCfclSAoMv0f+0OKhA=
-3,48,JQN4rpT/mK/m5n7ZsN6zGQe4eqw=,kqw6EDHOSoCfclSAoMv0f+0OKhA=
-8,49,JQN4rpT/mK/m5n7ZsN6zGQe4eqw=,kqw6EDHOSoCfclSAoMv0f+0OKhA=
-3,54,JQN4rpT/mK/m5n7ZsN6zGQe4eqw=,kqw6EDHOSoCfclSAoMv0f+0OKhA=
-4,54,JQN4rpT/mK/m5n7ZsN6zGQe4eqw=,kqw6EDHOSoCfclSAoMv0f+0OKhA=
-1,53,JQN4rpT/mK/m5n7ZsN6zGQe4eqw=,kqw6EDHOSoCfclSAoMv0f+0OKhA=
-4,48,JQN4rpT/mK/m5n7ZsN6zGQe4eqw=,kqw6EDHOSoCfclSAoMv0f+0OKhA=
-7,49,JQN4rpT/mK/m5n7ZsN6zGQe4eqw=,kqw6EDHOSoCfclSAoMv0f+0OKhA=
-3,53,JQN4rpT/mK/m5n7ZsN6zGQe4eqw=,kqw6EDHOSoCfclSAoMv0f+0OKhA=
-2,53,JQN4rpT/mK/m5n7ZsN6zGQe4eqw=,kqw6EDHOSoCfclSAoMv0f+0OKhA=
-2,55,JQN4rpT/mK/m5n7ZsN6zGQe4eqw=,kqw6EDHOSoCfclSAoMv0f+0OKhA=
-5,48,JQN4rpT/mK/m5n7ZsN6zGQe4eqw=,kqw6EDHOSoCfclSAoMv0f+0OKhA=
-4,53,JQN4rpT/mK/m5n7ZsN6zGQe4eqw=,kqw6EDHOSoCfclSAoMv0f+0OKhA=
-6,48,JQN4rpT/mK/m5n7ZsN6zGQe4eqw=,kqw6EDHOSoCfclSAoMv0f+0OKhA=
-6,49,JQN4rpT/mK/m5n7ZsN6zGQe4eqw=,kqw6EDHOSoCfclSAoMv0f+0OKhA=
-7,48,JQN4rpT/mK/m5n7ZsN6zGQe4eqw=,kqw6EDHOSoCfclSAoMv0f+0OKhA=
-8,48,JQN4rpT/mK/m5n7ZsN6zGQe4eqw=,kqw6EDHOSoCfclSAoMv0f+0OKhA=
-9,55,JQN4rpT/mK/m5n7ZsN6zGQe4eqw=,T0/DjDtgEbg3bUKIntsuW8lxGlQ=
-1,52,JQN4rpT/mK/m5n7ZsN6zGQe4eqw=,kqw6EDHOSoCfclSAoMv0f+0OKhA=
-2,52,JQN4rpT/mK/m5n7ZsN6zGQe4eqw=,kqw6EDHOSoCfclSAoMv0f+0OKhA=
-9,54,JQN4rpT/mK/m5n7ZsN6zGQe4eqw=,T0/DjDtgEbg3bUKIntsuW8lxGlQ=
-3,52,JQN4rpT/mK/m5n7ZsN6zGQe4eqw=,kqw6EDHOSoCfclSAoMv0f+0OKhA=
-5,49,JQN4rpT/mK/m5n7ZsN6zGQe4eqw=,kqw6EDHOSoCfclSAoMv0f+0OKhA=
-4,52,JQN4rpT/mK/m5n7ZsN6zGQe4eqw=,kqw6EDHOSoCfclSAoMv0f+0OKhA=
-4,49,JQN4rpT/mK/m5n7ZsN6zGQe4eqw=,kqw6EDHOSoCfclSAoMv0f+0OKhA=
-5,52,JQN4rpT/mK/m5n7ZsN6zGQe4eqw=,kqw6EDHOSoCfclSAoMv0f+0OKhA=
-1,51,JQN4rpT/mK/m5n7ZsN6zGQe4eqw=,kqw6EDHOSoCfclSAoMv0f+0OKhA=
-3,49,JQN4rpT/mK/m5n7ZsN6zGQe4eqw=,kqw6EDHOSoCfclSAoMv0f+0OKhA=
-3,51,JQN4rpT/mK/m5n7ZsN6zGQe4eqw=,kqw6EDHOSoCfclSAoMv0f+0OKhA=
-4,51,JQN4rpT/mK/m5n7ZsN6zGQe4eqw=,kqw6EDHOSoCfclSAoMv0f+0OKhA=
-2,51,JQN4rpT/mK/m5n7ZsN6zGQe4eqw=,kqw6EDHOSoCfclSAoMv0f+0OKhA=
-2,49,JQN4rpT/mK/m5n7ZsN6zGQe4eqw=,kqw6EDHOSoCfclSAoMv0f+0OKhA=
-5,51,JQN4rpT/mK/m5n7ZsN6zGQe4eqw=,kqw6EDHOSoCfclSAoMv0f+0OKhA=
-1,55,JQN4rpT/mK/m5n7ZsN6zGQe4eqw=,kqw6EDHOSoCfclSAoMv0f+0OKhA=
-1,56,JQN4rpT/mK/m5n7ZsN6zGQe4eqw=,1f5oVhiqoYRxJRpnhiTceKgMwu8=
-2,56,JQN4rpT/mK/m5n7ZsN6zGQe4eqw=,1f5oVhiqoYRxJRpnhiTceKgMwu8=
-1,49,JQN4rpT/mK/m5n7ZsN6zGQe4eqw=,kqw6EDHOSoCfclSAoMv0f+0OKhA=
-3,56,JQN4rpT/mK/m5n7ZsN6zGQe4eqw=,1f5oVhiqoYRxJRpnhiTceKgMwu8=
-4,56,JQN4rpT/mK/m5n7ZsN6zGQe4eqw=,1f5oVhiqoYRxJRpnhiTceKgMwu8=
-8,50,JQN4rpT/mK/m5n7ZsN6zGQe4eqw=,kqw6EDHOSoCfclSAoMv0f+0OKhA=
-7,50,JQN4rpT/mK/m5n7ZsN6zGQe4eqw=,kqw6EDHOSoCfclSAoMv0f+0OKhA=
-1,50,JQN4rpT/mK/m5n7ZsN6zGQe4eqw=,kqw6EDHOSoCfclSAoMv0f+0OKhA=
-6,50,JQN4rpT/mK/m5n7ZsN6zGQe4eqw=,kqw6EDHOSoCfclSAoMv0f+0OKhA=
-5,56,JQN4rpT/mK/m5n7ZsN6zGQe4eqw=,1f5oVhiqoYRxJRpnhiTceKgMwu8=
-5,50,JQN4rpT/mK/m5n7ZsN6zGQe4eqw=,kqw6EDHOSoCfclSAoMv0f+0OKhA=
-6,56,JQN4rpT/mK/m5n7ZsN6zGQe4eqw=,1f5oVhiqoYRxJRpnhiTceKgMwu8=
-4,50,JQN4rpT/mK/m5n7ZsN6zGQe4eqw=,kqw6EDHOSoCfclSAoMv0f+0OKhA=
-3,50,JQN4rpT/mK/m5n7ZsN6zGQe4eqw=,kqw6EDHOSoCfclSAoMv0f+0OKhA=
-9,56,JQN4rpT/mK/m5n7ZsN6zGQe4eqw=,qOByzzwWiMHZJLEDoV7lYlu57vA=
-2,50,JQN4rpT/mK/m5n7ZsN6zGQe4eqw=,kqw6EDHOSoCfclSAoMv0f+0OKhA=
-8,56,JQN4rpT/mK/m5n7ZsN6zGQe4eqw=,1f5oVhiqoYRxJRpnhiTceKgMwu8=
-8,51,JQN4rpT/mK/m5n7ZsN6zGQe4eqw=,kqw6EDHOSoCfclSAoMv0f+0OKhA=
-8,53,JQN4rpT/mK/m5n7ZsN6zGQe4eqw=,kqw6EDHOSoCfclSAoMv0f+0OKhA=
-7,59,JQN4rpT/mK/m5n7ZsN6zGQe4eqw=,1f5oVhiqoYRxJRpnhiTceKgMwu8=
-7,56,JQN4rpT/mK/m5n7ZsN6zGQe4eqw=,1f5oVhiqoYRxJRpnhiTceKgMwu8=
-9,53,JQN4rpT/mK/m5n7ZsN6zGQe4eqw=,T0/DjDtgEbg3bUKIntsuW8lxGlQ=
-8,58,JQN4rpT/mK/m5n7ZsN6zGQe4eqw=,1f5oVhiqoYRxJRpnhiTceKgMwu8=
-9,58,JQN4rpT/mK/m5n7ZsN6zGQe4eqw=,qOByzzwWiMHZJLEDoV7lYlu57vA=
-8,59,JQN4rpT/mK/m5n7ZsN6zGQe4eqw=,1f5oVhiqoYRxJRpnhiTceKgMwu8=
-6,53,JQN4rpT/mK/m5n7ZsN6zGQe4eqw=,kqw6EDHOSoCfclSAoMv0f+0OKhA=
-6,51,JQN4rpT/mK/m5n7ZsN6zGQe4eqw=,kqw6EDHOSoCfclSAoMv0f+0OKhA=
-6,52,JQN4rpT/mK/m5n7ZsN6zGQe4eqw=,kqw6EDHOSoCfclSAoMv0f+0OKhA=
-8,57,JQN4rpT/mK/m5n7ZsN6zGQe4eqw=,1f5oVhiqoYRxJRpnhiTceKgMwu8=
-7,57,JQN4rpT/mK/m5n7ZsN6zGQe4eqw=,1f5oVhiqoYRxJRpnhiTceKgMwu8=
-9,51,JQN4rpT/mK/m5n7ZsN6zGQe4eqw=,T0/DjDtgEbg3bUKIntsuW8lxGlQ=
-11,49,JQN4rpT/mK/m5n7ZsN6zGQe4eqw=,T0/DjDtgEbg3bUKIntsuW8lxGlQ=
-7,51,JQN4rpT/mK/m5n7ZsN6zGQe4eqw=,kqw6EDHOSoCfclSAoMv0f+0OKhA=
-11,50,JQN4rpT/mK/m5n7ZsN6zGQe4eqw=,T0/DjDtgEbg3bUKIntsuW8lxGlQ=
-9,52,JQN4rpT/mK/m5n7ZsN6zGQe4eqw=,T0/DjDtgEbg3bUKIntsuW8lxGlQ=
-7,52,JQN4rpT/mK/m5n7ZsN6zGQe4eqw=,kqw6EDHOSoCfclSAoMv0f+0OKhA=
-10,50,JQN4rpT/mK/m5n7ZsN6zGQe4eqw=,T0/DjDtgEbg3bUKIntsuW8lxGlQ=
-11,51,JQN4rpT/mK/m5n7ZsN6zGQe4eqw=,T0/DjDtgEbg3bUKIntsuW8lxGlQ=
-7,53,JQN4rpT/mK/m5n7ZsN6zGQe4eqw=,kqw6EDHOSoCfclSAoMv0f+0OKhA=
-10,52,JQN4rpT/mK/m5n7ZsN6zGQe4eqw=,T0/DjDtgEbg3bUKIntsuW8lxGlQ=
-5,53,JQN4rpT/mK/m5n7ZsN6zGQe4eqw=,kqw6EDHOSoCfclSAoMv0f+0OKhA=
-11,48,JQN4rpT/mK/m5n7ZsN6zGQe4eqw=,T0/DjDtgEbg3bUKIntsuW8lxGlQ=
-10,53,JQN4rpT/mK/m5n7ZsN6zGQe4eqw=,T0/DjDtgEbg3bUKIntsuW8lxGlQ=
-10,49,JQN4rpT/mK/m5n7ZsN6zGQe4eqw=,T0/DjDtgEbg3bUKIntsuW8lxGlQ=
-7,54,JQN4rpT/mK/m5n7ZsN6zGQe4eqw=,kqw6EDHOSoCfclSAoMv0f+0OKhA=
-10,48,JQN4rpT/mK/m5n7ZsN6zGQe4eqw=,T0/DjDtgEbg3bUKIntsuW8lxGlQ=
-9,49,JQN4rpT/mK/m5n7ZsN6zGQe4eqw=,T0/DjDtgEbg3bUKIntsuW8lxGlQ=
-9,50,JQN4rpT/mK/m5n7ZsN6zGQe4eqw=,T0/DjDtgEbg3bUKIntsuW8lxGlQ=
-8,54,JQN4rpT/mK/m5n7ZsN6zGQe4eqw=,kqw6EDHOSoCfclSAoMv0f+0OKhA=
-10,51,JQN4rpT/mK/m5n7ZsN6zGQe4eqw=,T0/DjDtgEbg3bUKIntsuW8lxGlQ=
-8,52,JQN4rpT/mK/m5n7ZsN6zGQe4eqw=,kqw6EDHOSoCfclSAoMv0f+0OKhA=
-5,54,JQN4rpT/mK/m5n7ZsN6zGQe4eqw=,kqw6EDHOSoCfclSAoMv0f+0OKhA=
-8,55,JQN4rpT/mK/m5n7ZsN6zGQe4eqw=,kqw6EDHOSoCfclSAoMv0f+0OKhA=
-6,55,JQN4rpT/mK/m5n7ZsN6zGQe4eqw=,kqw6EDHOSoCfclSAoMv0f+0OKhA=
-9,48,JQN4rpT/mK/m5n7ZsN6zGQe4eqw=,T0/DjDtgEbg3bUKIntsuW8lxGlQ=
-7,55,JQN4rpT/mK/m5n7ZsN6zGQe4eqw=,kqw6EDHOSoCfclSAoMv0f+0OKhA=
-6,54,JQN4rpT/mK/m5n7ZsN6zGQe4eqw=,kqw6EDHOSoCfclSAoMv0f+0OKhA=
-10,41,JQN4rpT/mK/m5n7ZsN6zGQe4eqw=,rhcuL3ESFew6lRKdVgfTVjB97iw=
-9,41,JQN4rpT/mK/m5n7ZsN6zGQe4eqw=,rhcuL3ESFew6lRKdVgfTVjB97iw=
-15,42,JQN4rpT/mK/m5n7ZsN6zGQe4eqw=,rhcuL3ESFew6lRKdVgfTVjB97iw=
-14,42,JQN4rpT/mK/m5n7ZsN6zGQe4eqw=,rhcuL3ESFew6lRKdVgfTVjB97iw=
-13,42,JQN4rpT/mK/m5n7ZsN6zGQe4eqw=,rhcuL3ESFew6lRKdVgfTVjB97iw=
-13,41,JQN4rpT/mK/m5n7ZsN6zGQe4eqw=,rhcuL3ESFew6lRKdVgfTVjB97iw=
-14,41,d80aDYZi1BOGkDrsdWsqXZwmfuw=,rhcuL3ESFew6lRKdVgfTVjB97iw=
-12,41,d80aDYZi1BOGkDrsdWsqXZwmfuw=,rhcuL3ESFew6lRKdVgfTVjB97iw=
-12,42,d80aDYZi1BOGkDrsdWsqXZwmfuw=,rhcuL3ESFew6lRKdVgfTVjB97iw=
-9,46,d80aDYZi1BOGkDrsdWsqXZwmfuw=,rhcuL3ESFew6lRKdVgfTVjB97iw=
-12,46,d80aDYZi1BOGkDrsdWsqXZwmfuw=,rhcuL3ESFew6lRKdVgfTVjB97iw=
-13,46,d80aDYZi1BOGkDrsdWsqXZwmfuw=,rhcuL3ESFew6lRKdVgfTVjB97iw=
-9,42,d80aDYZi1BOGkDrsdWsqXZwmfuw=,rhcuL3ESFew6lRKdVgfTVjB97iw=
-15,41,d80aDYZi1BOGkDrsdWsqXZwmfuw=,rhcuL3ESFew6lRKdVgfTVjB97iw=
-14,46,d80aDYZi1BOGkDrsdWsqXZwmfuw=,rhcuL3ESFew6lRKdVgfTVjB97iw=
-10,45,d80aDYZi1BOGkDrsdWsqXZwmfuw=,rhcuL3ESFew6lRKdVgfTVjB97iw=
-15,43,d80aDYZi1BOGkDrsdWsqXZwmfuw=,rhcuL3ESFew6lRKdVgfTVjB97iw=
-11,45,d80aDYZi1BOGkDrsdWsqXZwmfuw=,rhcuL3ESFew6lRKdVgfTVjB97iw=
-15,46,d80aDYZi1BOGkDrsdWsqXZwmfuw=,rhcuL3ESFew6lRKdVgfTVjB97iw=
-12,45,d80aDYZi1BOGkDrsdWsqXZwmfuw=,rhcuL3ESFew6lRKdVgfTVjB97iw=
-14,45,d80aDYZi1BOGkDrsdWsqXZwmfuw=,rhcuL3ESFew6lRKdVgfTVjB97iw=
-15,45,d80aDYZi1BOGkDrsdWsqXZwmfuw=,rhcuL3ESFew6lRKdVgfTVjB97iw=
-14,43,d80aDYZi1BOGkDrsdWsqXZwmfuw=,rhcuL3ESFew6lRKdVgfTVjB97iw=
-13,45,d80aDYZi1BOGkDrsdWsqXZwmfuw=,rhcuL3ESFew6lRKdVgfTVjB97iw=
-13,43,d80aDYZi1BOGkDrsdWsqXZwmfuw=,rhcuL3ESFew6lRKdVgfTVjB97iw=
-13,44,d80aDYZi1BOGkDrsdWsqXZwmfuw=,rhcuL3ESFew6lRKdVgfTVjB97iw=
-14,44,d80aDYZi1BOGkDrsdWsqXZwmfuw=,rhcuL3ESFew6lRKdVgfTVjB97iw=
-15,44,d80aDYZi1BOGkDrsdWsqXZwmfuw=,rhcuL3ESFew6lRKdVgfTVjB97iw=
-12,43,d80aDYZi1BOGkDrsdWsqXZwmfuw=,rhcuL3ESFew6lRKdVgfTVjB97iw=
-16,41,d80aDYZi1BOGkDrsdWsqXZwmfuw=,rhcuL3ESFew6lRKdVgfTVjB97iw=
-16,42,d80aDYZi1BOGkDrsdWsqXZwmfuw=,rhcuL3ESFew6lRKdVgfTVjB97iw=
-16,46,d80aDYZi1BOGkDrsdWsqXZwmfuw=,rhcuL3ESFew6lRKdVgfTVjB97iw=
-16,45,d80aDYZi1BOGkDrsdWsqXZwmfuw=,rhcuL3ESFew6lRKdVgfTVjB97iw=
-16,43,d80aDYZi1BOGkDrsdWsqXZwmfuw=,rhcuL3ESFew6lRKdVgfTVjB97iw=
-16,44,d80aDYZi1BOGkDrsdWsqXZwmfuw=,rhcuL3ESFew6lRKdVgfTVjB97iw=
-12,47,d80aDYZi1BOGkDrsdWsqXZwmfuw=,rhcuL3ESFew6lRKdVgfTVjB97iw=
-14,47,d80aDYZi1BOGkDrsdWsqXZwmfuw=,rhcuL3ESFew6lRKdVgfTVjB97iw=
-15,47,d80aDYZi1BOGkDrsdWsqXZwmfuw=,rhcuL3ESFew6lRKdVgfTVjB97iw=
-13,47,d80aDYZi1BOGkDrsdWsqXZwmfuw=,rhcuL3ESFew6lRKdVgfTVjB97iw=
-16,47,d80aDYZi1BOGkDrsdWsqXZwmfuw=,rhcuL3ESFew6lRKdVgfTVjB97iw=
-10,46,d80aDYZi1BOGkDrsdWsqXZwmfuw=,rhcuL3ESFew6lRKdVgfTVjB97iw=
-11,44,d80aDYZi1BOGkDrsdWsqXZwmfuw=,rhcuL3ESFew6lRKdVgfTVjB97iw=
-9,47,d80aDYZi1BOGkDrsdWsqXZwmfuw=,rhcuL3ESFew6lRKdVgfTVjB97iw=
-12,44,d80aDYZi1BOGkDrsdWsqXZwmfuw=,rhcuL3ESFew6lRKdVgfTVjB97iw=
-9,45,d80aDYZi1BOGkDrsdWsqXZwmfuw=,rhcuL3ESFew6lRKdVgfTVjB97iw=
-10,47,d80aDYZi1BOGkDrsdWsqXZwmfuw=,rhcuL3ESFew6lRKdVgfTVjB97iw=
-9,40,d80aDYZi1BOGkDrsdWsqXZwmfuw=,rhcuL3ESFew6lRKdVgfTVjB97iw=
-10,40,d80aDYZi1BOGkDrsdWsqXZwmfuw=,rhcuL3ESFew6lRKdVgfTVjB97iw=
-11,47,d80aDYZi1BOGkDrsdWsqXZwmfuw=,rhcuL3ESFew6lRKdVgfTVjB97iw=
-9,44,d80aDYZi1BOGkDrsdWsqXZwmfuw=,rhcuL3ESFew6lRKdVgfTVjB97iw=
-10,44,d80aDYZi1BOGkDrsdWsqXZwmfuw=,rhcuL3ESFew6lRKdVgfTVjB97iw=
-14,40,d80aDYZi1BOGkDrsdWsqXZwmfuw=,rhcuL3ESFew6lRKdVgfTVjB97iw=
-13,40,d80aDYZi1BOGkDrsdWsqXZwmfuw=,rhcuL3ESFew6lRKdVgfTVjB97iw=
-11,46,d80aDYZi1BOGkDrsdWsqXZwmfuw=,rhcuL3ESFew6lRKdVgfTVjB97iw=
-15,40,d80aDYZi1BOGkDrsdWsqXZwmfuw=,rhcuL3ESFew6lRKdVgfTVjB97iw=
-16,40,d80aDYZi1BOGkDrsdWsqXZwmfuw=,rhcuL3ESFew6lRKdVgfTVjB97iw=
-9,43,d80aDYZi1BOGkDrsdWsqXZwmfuw=,rhcuL3ESFew6lRKdVgfTVjB97iw=
-10,42,d80aDYZi1BOGkDrsdWsqXZwmfuw=,rhcuL3ESFew6lRKdVgfTVjB97iw=
-11,41,d80aDYZi1BOGkDrsdWsqXZwmfuw=,rhcuL3ESFew6lRKdVgfTVjB97iw=
-11,42,d80aDYZi1BOGkDrsdWsqXZwmfuw=,rhcuL3ESFew6lRKdVgfTVjB97iw=
-11,43,d80aDYZi1BOGkDrsdWsqXZwmfuw=,rhcuL3ESFew6lRKdVgfTVjB97iw=
-11,40,d80aDYZi1BOGkDrsdWsqXZwmfuw=,rhcuL3ESFew6lRKdVgfTVjB97iw=
-12,40,d80aDYZi1BOGkDrsdWsqXZwmfuw=,rhcuL3ESFew6lRKdVgfTVjB97iw=
-10,43,d80aDYZi1BOGkDrsdWsqXZwmfuw=,rhcuL3ESFew6lRKdVgfTVjB97iw=
